feature,requested_shots,actual_support_recordings,policy,n_seeds,expected_seeds,complete,seeds,trainable_parameters,total_parameters,selected_epoch_mean,selected_epoch_std,selection_support_macro_f1_mean,selection_support_macro_f1_std,selection_xeno_macro_f1_mean,selection_xeno_macro_f1_std,selection_adaptation_score_mean,selection_adaptation_score_std,final_xeno_macro_f1_mean,final_xeno_macro_f1_std,xeno_macro_f1_change_mean,xeno_macro_f1_change_std,xeno_macro_f1_retention_mean,xeno_macro_f1_retention_std,db3v_accuracy_mean,db3v_accuracy_std,db3v_balanced_accuracy_mean,db3v_balanced_accuracy_std,db3v_macro_f1_mean,db3v_macro_f1_std,db3v_top_3_accuracy_mean,db3v_top_3_accuracy_std,selected_by_mean_adaptation_score
LogMel,5,120,bn_head,3,3,True,42|123|2026,1480,30056,1.6666666666666667,1.1547005383792515,0.696494708994709,0.07572098583268211,0.6271741935242693,0.010862144342604376,0.6880108594768429,0.08444904667925503,0.622897298646522,0.007399278389754018,-0.012689831831357449,0.007399278389754018,0.9800344732880033,0.011641642876234318,0.710928050733876,0.00119841147918166,0.7092627425797511,0.0005619122511969558,0.6728450543589062,0.0015257536416360855,0.9070314798470138,0.0003397177223828296,False
LogMel,5,120,bn_head_replay,3,3,True,42|123|2026,1480,30056,1.6666666666666667,0.5773502691896257,0.713558201058201,0.04959616352567947,0.6253053046383544,0.0031644399344204306,0.7021249532146262,0.051150488918722786,0.6244743729835202,0.0029913312095033095,-0.011112757494359249,0.0029913312095033095,0.9825157606857082,0.004706406196824987,0.7153738027524436,0.0011022663724681717,0.7101562774071859,0.0004674911360894831,0.6738028604552602,0.0008454864021823372,0.9115099212186591,0.0012609788187366087,False
LogMel,5,120,full,3,3,True,42|123|2026,29608,30056,1.0,0.0,0.6701058201058201,0.09323377300180175,0.6311371778028482,0.007131244483102364,0.6654157163140602,0.09877429728421394,0.6266869516416583,0.00047275326431643773,-0.00890017883622111,0.00047275326431643773,0.985996917795473,0.0007438055958763601,0.7093589617861462,0.002158240115098429,0.7094772492613713,0.0020755065381534337,0.6734054360113917,0.0016721481056010184,0.9081756072047334,0.0006529693163165419,False
LogMel,5,120,head_only,3,3,True,42|123|2026,1032,30056,8.333333333333334,8.736894948054104,0.7293320105820106,0.10204887685210379,0.6246223547879427,0.0035098703365715966,0.7171022488577667,0.10412752992898487,0.6233029365110928,0.007622580944746058,-0.012284193966786594,0.007622580944746058,0.9806726829765252,0.011992975595674606,0.7171063384655617,0.005386903875025883,0.7112348285371629,0.0020437592791969533,0.677160693285963,0.001189440192837354,0.9135693504625544,0.0029097196968355327,True
LogMel,10,239,bn_head,3,3,True,42|123|2026,1480,30056,2.0,1.0,0.7403651903651903,0.1198432146358649,0.608490989507573,0.004866161080987285,0.7084447791192922,0.11101807003856073,0.603642282864726,0.004456170834194437,-0.031944847613153415,0.004456170834194437,0.9497396248581449,0.007011109288578557,0.7077898728384165,0.0018770065993207823,0.7069865107961525,0.0020479330401887165,0.6657009991680772,0.0032998672868904746,0.9066065182570037,0.001264786513821231,False
LogMel,10,239,bn_head_replay,3,3,True,42|123|2026,1480,30056,7.666666666666667,11.547005383792515,0.7507770007770008,0.09004749770072444,0.6165948471707231,0.007997396418740149,0.7287745794465443,0.09313259928991119,0.6196974474959339,0.006271289993859754,-0.015889682981945524,0.006271289993859754,0.9749999925737978,0.00986692412910336,0.717302474584028,0.006172317743196562,0.7131763683714604,0.006976116380151286,0.6733706252281029,0.004031236007581728,0.9133078356379327,0.0025497695400607703,False
LogMel,10,239,full,3,3,True,42|123|2026,29608,30056,3.6666666666666665,2.516611478423583,0.7496406371406371,0.10905623401917813,0.5924204430464773,0.02334001384764544,0.6980052930453488,0.09742838262127924,0.5982408336096837,0.014251290299036493,-0.03734629686819568,0.014251290299036493,0.9412412632708341,0.02242224490656593,0.7144911902193456,0.0068066109771247624,0.7122488800288885,0.004873662457341465,0.6699669034656752,0.003782706826302627,0.9133732143440881,0.0030327193863800466,False
LogMel,10,239,head_only,3,3,True,42|123|2026,1032,30056,17.0,10.44030650891055,0.7643084924334924,0.06422230834751416,0.6179874181350792,0.0130631299466022,0.7423640490426385,0.048822817050901524,0.6119636487843358,0.008076687461274868,-0.023623481693543558,0.008076687461274868,0.9628320326816848,0.012707443360601471,0.7247883364388219,0.0010846758865703937,0.7161398783941757,0.00047758220459893664,0.6784464261562888,0.0004657631279752658,0.9202379784904057,0.005086635606343033,True
LogMel,20,461,bn_head,3,3,True,42|123|2026,1480,30056,1.3333333333333333,0.5773502691896257,0.7256679623265737,0.023408789869106852,0.6038158395161797,0.0036311225726296447,0.6894475857485837,0.0249362873375327,0.6018254890813269,0.006871104927672272,-0.0337616413965525,0.006871104927672272,0.9468811752510342,0.010810642000422675,0.7105357784969435,0.0010064923878487647,0.7066610502093801,0.0027106936659903203,0.6662376556817081,0.0032052497989931423,0.9089274623255206,0.0003712796800235759,False
LogMel,20,461,bn_head_replay,3,3,True,42|123|2026,1480,30056,2.0,0.0,0.7302707066032311,0.025996673147727054,0.6119295623500741,0.002626939398457502,0.7030183196705634,0.022001155445273608,0.6094933253671688,0.004935143566691747,-0.02609380511071054,0.004935143566691747,0.9589453532655839,0.007764700274817042,0.7168121342878624,0.002010594529722033,0.710038404693544,0.001381012510523469,0.669656444035587,0.0024647321630193457,0.9127521166356118,0.0003712796800235368,True
LogMel,20,461,full,3,3,True,42|123|2026,29608,30056,2.0,1.7320508075688772,0.7351110850992161,0.03965934603877789,0.5934594322264324,0.012398842877662955,0.685994218642233,0.027282061588852706,0.591649023877445,0.012887266839281266,-0.043938106600434366,0.012887266839281266,0.9308700499215605,0.02027616076743357,0.7194599718871564,0.013038381134119297,0.7156523343228307,0.009056493147691073,0.6753382844428981,0.010922802433598602,0.9157922264718381,0.005275964368438598,False
LogMel,20,461,head_only,3,3,True,42|123|2026,1032,30056,1.6666666666666667,0.5773502691896257,0.7136634809852807,0.026481104147767703,0.6127603746548378,0.00424588095908739,0.6881497590920477,0.030319634170103783,0.6173314364650698,0.005470334731626476,-0.018255694012809538,0.005470334731626476,0.9712774328846406,0.008606742442241537,0.7218789840149064,0.00387461925372924,0.7163297363086324,0.0035450347404059985,0.6798772121403244,0.002541469473088202,0.913503971756399,0.0010238605971275982,False
MFCC,5,120,bn_head,3,3,True,42|123|2026,1480,30056,3.3333333333333335,2.0816659994661326,0.5974867724867725,0.013812621284923832,0.45377420756864334,0.022883636236024,0.546230069987239,0.023999172855523745,0.44741611710004814,0.021889517050073918,-0.04875030461202603,0.021889517050073918,0.9017460624525779,0.044117288256915556,0.589258278578667,0.0069499286732652155,0.5461691624958662,0.011390624468010422,0.5288671899732338,0.011102157795408305,0.8522441240887842,0.001249486113799245,False
MFCC,5,120,bn_head_replay,3,3,True,42|123|2026,1480,30056,12.333333333333334,14.46835627614047,0.5986111111111111,0.0714888964838859,0.4688987896925682,0.01365783287458785,0.5663391606257062,0.07686855305192072,0.46485721020356335,0.0063429891824871775,-0.03130921150851077,0.0063429891824871775,0.9368977622458307,0.012783995258284551,0.6022032623974372,0.015519664138497303,0.560670898192984,0.019190305278405765,0.5429221348082818,0.01822157568057804,0.8588146840574025,0.004730026267127955,False
MFCC,5,120,full,3,3,True,42|123|2026,29608,30056,4.333333333333333,2.0816659994661326,0.6381613756613757,0.013005242303411914,0.4441341638831547,0.021041863908718705,0.5712922481606928,0.030729196234586358,0.43769284967424543,0.020546400916648,-0.05847357203782869,0.020546400916648,0.882149275970632,0.041410301095649506,0.6015167859828054,0.005499977583746336,0.5617915027421708,0.010288196944771049,0.5433554075806942,0.009389599062416624,0.8596319178843451,0.0020248936832334336,False
MFCC,5,120,head_only,3,3,True,42|123|2026,1032,30056,13.0,7.0,0.6037367724867724,0.02636059120477932,0.48910522783612387,0.00889032863511781,0.5944713960062088,0.016127392078533906,0.4779219708858602,0.0059663419710062225,-0.018244450826213954,0.0059663419710062225,0.9632291706414562,0.01202488058425788,0.5952731195449642,0.0014446327216491499,0.559008196872528,0.007437887157285029,0.5394104444833038,0.004637435187402738,0.8545977575103789,0.0018563984001177865,True
MFCC,10,239,bn_head,3,3,True,42|123|2026,1480,30056,2.0,1.0,0.6006156425274072,0.033161946949939555,0.4515189868475973,0.005990614115046425,0.5468067208095309,0.0365490759589119,0.4476535569698963,0.01800751728947442,-0.048512864742177884,0.01800751728947442,0.902224611301226,0.03629330100037321,0.5880487725147919,0.00213133579323369,0.5524310419438558,0.007602067685691522,0.531406124779929,0.005413731771813857,0.849530907783335,0.0030136321516775013,False
MFCC,10,239,bn_head_replay,3,3,True,42|123|2026,1480,30056,3.3333333333333335,4.041451884327381,0.602259022295787,0.03508899448940645,0.4750214938155008,0.007820873288669773,0.576670064083315,0.03696041663842829,0.47393394029340113,0.006650545801362278,-0.02223248141867301,0.006650545801362278,0.9551914832487908,0.013403861104534008,0.5921349416495048,0.011384768260533145,0.5540600978521285,0.01709952232471583,0.5326701982967131,0.014600473477530167,0.8546304468634566,0.0035117860269861783,False
MFCC,10,239,full,3,3,True,42|123|2026,29608,30056,1.6666666666666667,0.5773502691896257,0.5998603520662343,0.03446019682689631,0.4555835608874866,0.0023410786454564213,0.5509043124401084,0.0343825859398044,0.45375295739140303,0.004359433446866106,-0.04241346432067109,0.004359433446866106,0.9145176649110616,0.008786232312584604,0.599686182210454,0.0030401098362263755,0.5643141142207175,0.008939192903250544,0.5432259197157868,0.007020295019601224,0.8562976038704194,0.0011152771801661576,False
MFCC,10,239,head_only,3,3,True,42|123|2026,1032,30056,8.333333333333334,10.214368964029708,0.6495472664590312,0.05901833030673849,0.4896939714936149,0.009577380651384065,0.6403676529511851,0.04757565597402646,0.48426829406369853,0.013454976558236811,-0.011898127648375612,0.013454976558236811,0.9760198854099802,0.02711787007232165,0.5999803863881534,0.017688444256542136,0.5600316052729376,0.02504075695615737,0.5373600532436057,0.020707458217824083,0.8553169232780884,0.0075616345652648196,True
MFCC,20,461,bn_head,3,3,True,42|123|2026,1480,30056,5.0,6.082762530298219,0.5749353968256062,0.029223881079264866,0.4488142014527361,0.0066048662903208525,0.519839230983713,0.020297455482114476,0.4468872914028723,0.0080855616910389,-0.049279130309201814,0.0080855616910389,0.9006802392246557,0.016296067886131492,0.597267170082704,0.016332478858720287,0.5690370664877179,0.023105847625551096,0.542764995503184,0.01748911303051884,0.8533555620934262,0.007885997314769962,False
MFCC,20,461,bn_head_replay,3,3,True,42|123|2026,1480,30056,14.0,13.0,0.6047239530705035,0.024186780873258297,0.49564485385722185,0.005237795621508619,0.6018061145815186,0.021978583700824617,0.4964375884000013,0.0035185175440698253,0.00027116668792713056,0.0035185175440698253,1.000546523658315,0.007091406008348614,0.6252492563172175,0.01916254227068026,0.5932052409622884,0.019012669824367695,0.5663988910030531,0.018729614151977995,0.8655160014383315,0.008364195585702885,True
MFCC,20,461,full,3,3,True,42|123|2026,29608,30056,9.333333333333334,8.736894948054104,0.6779533755469016,0.03718528351781326,0.41768025265110875,0.0054020698060573275,0.5704443362980985,0.02419814508234585,0.4120277116112892,0.008798445570396586,-0.08413871010078496,0.008798445570396586,0.8304224018012837,0.017732851691246308,0.6362001895982479,0.024427084910565246,0.6153746428275924,0.02758622447053332,0.5826774993767062,0.02200852262975192,0.875028603183943,0.01298071942909343,False
MFCC,20,461,head_only,3,3,True,42|123|2026,1032,30056,7.666666666666667,9.814954576223638,0.6123270187384905,0.0568887441361941,0.48752117032378967,0.006496390944670809,0.6012203941729171,0.04884072003475685,0.48210826725668576,0.013129382549564868,-0.014058154455388402,0.013129382549564868,0.9716664533507139,0.026461650718443537,0.6096564348991533,0.032643015767391405,0.5719889536099206,0.03375327258693128,0.544613557235092,0.03202277178828359,0.8587166159981694,0.01772438307637594,False
PCEN,5,120,bn_head,3,3,True,42|123|2026,1480,30056,7.666666666666667,3.0550504633038935,0.7778769841269841,0.0484254024770496,0.6173661376101559,0.01329623990269167,0.7778769841269841,0.0484254024770496,0.619135783816954,0.008719692155073946,0.09225101334836013,0.008719692155073946,1.1750876444318463,0.016549524001839906,0.7259324637965415,0.007162549822995954,0.7087583810657854,0.0043504855158818965,0.6788170278818024,0.00529973575329964,0.9084044326762774,0.005840609559410849,False
PCEN,5,120,bn_head_replay,3,3,True,42|123|2026,1480,30056,7.333333333333333,5.507570547286102,0.7935515873015874,0.045733050980696924,0.6237511282968851,0.03805872066097497,0.7935515873015874,0.045733050980696924,0.6258322156951766,0.03370620431984025,0.09894744522658276,0.03370620431984025,1.187797125239703,0.06397262970775006,0.7227615965480043,0.027977942475817266,0.7050427107541832,0.021354826649045408,0.6763976128391339,0.02638516611559647,0.9091889771501422,0.01954262922904865,True
PCEN,5,120,full,3,3,True,42|123|2026,29608,30056,5.666666666666667,4.509249752822894,0.7358134920634921,0.04870082020367782,0.6008693764775037,0.03734974491433324,0.7358134920634921,0.04870082020367782,0.5955414217474136,0.026123041103437786,0.06865665127881986,0.026123041103437786,1.1303067674887604,0.049580178755603097,0.7143604328070348,0.03978764302330759,0.6985647382354584,0.030616726055885047,0.6677731445690949,0.03522352034843336,0.902062698179203,0.02354457321498498,False
PCEN,5,120,head_only,3,3,True,42|123|2026,1032,30056,6.333333333333333,2.516611478423583,0.7070436507936508,0.04391503264933996,0.5666977464456174,0.011847554231081487,0.7070436507936508,0.04391503264933996,0.5761520292189111,0.01643453904884889,0.0492672587503172,0.01643453904884889,1.093506704903428,0.031191903751996004,0.6816383903762545,0.011258765602305487,0.675648874231897,0.009943771843447753,0.6382369729868845,0.010464782559227885,0.8764669347193619,0.005160778234609059,False
PCEN,10,239,bn_head,3,3,True,42|123|2026,1480,30056,6.666666666666667,5.686240703077327,0.7321951196951197,0.04344066394955336,0.6228640300138201,0.010331596897298161,0.7321951196951197,0.04344066394955336,0.6233246438096823,0.005509598602480656,0.09643987334108854,0.005509598602480656,1.1830378837014364,0.010456932732332794,0.7195253505933118,0.010638011547871782,0.705796846198287,0.007027943522432084,0.6701396729631364,0.006993769571701856,0.9055277696054395,0.008826851731156342,False
PCEN,10,239,bn_head_replay,3,3,True,42|123|2026,1480,30056,8.666666666666666,7.505553499465135,0.7317904317904318,0.04530778922261125,0.634083795508935,0.02133194743833153,0.7317904317904318,0.04530778922261125,0.6389348478869006,0.017764571309383352,0.11205007741830679,0.017764571309383352,1.2126652423805173,0.033716236082481824,0.733026053414403,0.016663010953626826,0.7152494960045265,0.012303282405852748,0.6841843429251054,0.01436204047926982,0.9145173417018078,0.010902034026774098,False
PCEN,10,239,full,3,3,True,42|123|2026,29608,30056,2.0,1.0,0.7176060051060051,0.032715146407327624,0.5973181904576994,0.02240408177052904,0.7176060051060051,0.032715146407327624,0.6029947935565805,0.01864089035451161,0.07611002308798669,0.01864089035451161,1.144452881073592,0.0353794442339508,0.7091301363146023,0.016713916303190707,0.6980011049517918,0.014825829901869416,0.6591270530387461,0.017449395230802626,0.9032722042430781,0.011643835603328467,False
PCEN,10,239,head_only,3,3,True,42|123|2026,1032,30056,8.666666666666666,6.8068592855540455,0.7663692788692789,0.056828459060771525,0.582499218143745,0.03185322201106846,0.7663692788692789,0.056828459060771525,0.58011814997204,0.026467866212555674,0.0532333795034462,0.026467866212555674,1.1010341966348776,0.050234638949643654,0.7017423425190416,0.03911309440988176,0.686348400300981,0.02986203333930232,0.6527153641947206,0.03394135079511112,0.888986956948122,0.020338662948337586,True
PCEN,20,461,bn_head,3,3,True,42|123|2026,1480,30056,12.333333333333334,4.932882862316247,0.7592384175529368,0.04371719374078977,0.6116360867686704,0.0028097779657498393,0.7592384175529368,0.04371719374078977,0.6193403291010989,0.005482932086626379,0.09245555863250514,0.005482932086626379,1.1754758607850408,0.010406321066653814,0.7359680951913962,0.0032589498038944945,0.7174784980075961,0.0010491853282682728,0.6767131159347063,0.001264079436576569,0.9131770782256219,0.0003963373427799877,False
PCEN,20,461,bn_head_replay,3,3,True,42|123|2026,1480,30056,6.666666666666667,3.7859388972001824,0.7794083883985508,0.027739104066833293,0.6427493436610422,0.0055816392595959925,0.7794083883985508,0.027739104066833293,0.653201640494596,0.001274013630817357,0.12631687002600211,0.001274013630817357,1.2397428756835391,0.0024180118732304813,0.7443365695792881,0.004287043835322964,0.7230439928932195,0.00449290416166826,0.6932076189566118,0.004494390649643922,0.922297407734301,0.0017823942833141227,False
PCEN,20,461,full,3,3,True,42|123|2026,29608,30056,6.666666666666667,2.0816659994661326,0.7808344816103437,0.018135671607205972,0.6228047123442197,0.013728415525950012,0.7808344816103437,0.018135671607205972,0.636640476834193,0.004430612593090706,0.10975570636559921,0.004430612593090706,1.2083106449783814,0.008409073181504663,0.7542087542087542,0.004660382932687166,0.7327820339903235,0.004156522626477422,0.7050309808232267,0.004016616596041972,0.9248798666274395,0.0014644684243471451,True
PCEN,20,461,head_only,3,3,True,42|123|2026,1032,30056,8.0,6.557438524302,0.7195495747017555,0.025744209714235095,0.5833452597440141,0.009418857153516527,0.7195495747017555,0.025744209714235095,0.5890518576641836,0.009738372575657139,0.062167087195589686,0.009738372575657139,1.1179899110393727,0.018482926669138953,0.7170736491124841,0.02587882114043038,0.696668231983539,0.016059143691589468,0.6602006385963713,0.01912755640374992,0.8981399758098787,0.016296519557041998,False
