feature,requested_shots,actual_support_recordings,policy,seed,selected_epoch,trainable_parameters,total_parameters,batch_normalization_trainable,replay_enabled,selection_support_macro_f1,selection_xeno_macro_f1,selection_adaptation_score,final_xeno_macro_f1,xeno_macro_f1_change,xeno_macro_f1_retention,common_db3v_heldout_recordings,db3v_accuracy,db3v_balanced_accuracy,db3v_macro_f1,db3v_top_3_accuracy
MFCC,5,120,head_only,42,20,1032,30056,False,False,0.6294642857142856,0.4795348195552163,0.6083645112962056,0.4724609857668571,-0.023705435945217068,0.9522228129355893,10197,0.5936059625380014,0.5633746409818687,0.5415456719359435,0.8537805236834363
MFCC,5,120,head_only,123,13,1032,30056,False,False,0.6049603174603174,0.4906743151809765,0.5982639624367064,0.4770150924631123,-0.019151329248961846,0.9614013999922079,10197,0.5961557320780622,0.5632298783881315,0.5425956425223317,0.8567225654604296
MFCC,5,120,head_only,2026,6,1032,30056,False,False,0.5767857142857142,0.4971065487721788,0.5767857142857142,0.4842898344276112,-0.011876587284462947,0.9760632989965715,10197,0.5960576640188291,0.5504200712475836,0.534090018991636,0.8532901833872708
MFCC,5,120,bn_head,42,5,1480,30056,True,False,0.5996031746031747,0.42921574545958296,0.5186951641733222,0.43029461493265864,-0.06587180677941551,0.8672384831038789,10197,0.5937040305972345,0.553773476507007,0.5361818200059527,0.851623026380308
MFCC,5,120,bn_head,123,4,1480,30056,True,False,0.6101190476190477,0.45760818779735113,0.562705293030925,0.43987433486334465,-0.056292086848729495,0.8865459563859889,10197,0.5928214180641365,0.5516609353418825,0.5343274430716449,0.8536824556242032
MFCC,5,120,bn_head,2026,1,1480,30056,True,False,0.5827380952380952,0.474498689448996,0.55728975275747,0.47207940150414107,-0.024087020207933074,0.951453747867866,10197,0.5812493870746298,0.5330730756387092,0.5160923068421038,0.8514268902618417
MFCC,5,120,bn_head_replay,42,5,1480,30056,True,True,0.5166666666666666,0.46310567878176767,0.482239943898157,0.4588568414806877,-0.03730958023138642,0.9248043023495105,10197,0.5942924389526332,0.550858507574363,0.5342118257434343,0.8559380209865647
MFCC,5,120,bn_head_replay,123,29,1480,30056,True,True,0.6482142857142857,0.4844983486633402,0.6329705866125834,0.4714947278135916,-0.02467169389848256,0.950275365645764,10197,0.6200843385309405,0.58278335862402,0.5638641427879136,0.8642738060213788
MFCC,5,120,bn_head_replay,2026,3,1480,30056,True,True,0.6309523809523809,0.4590923416325968,0.5838069513663784,0.4642200613164108,-0.03194636039566334,0.9356136187422174,10197,0.5922330097087378,0.5483708283805689,0.5306904358934974,0.856232225164264
MFCC,5,120,full,42,6,29608,30056,True,False,0.6303571428571428,0.4217481440367957,0.5358120651594829,0.42384814756359884,-0.0723182741484753,0.8542459324455421,10197,0.6049818574090419,0.5685772446538245,0.5491996454705452,0.8605472197705207
MFCC,5,120,full,123,5,29608,30056,True,False,0.6531746031746032,0.44714734353108665,0.588643801536778,0.4279299450159686,-0.06823647669610555,0.8624726025178236,10197,0.6043934490536432,0.5668432914245837,0.5483420327312656,0.8610375600666863
MFCC,5,120,full,2026,2,29608,30056,True,False,0.6309523809523809,0.4635070040815817,0.5894208777858176,0.4613004564431689,-0.03486596526890523,0.9297292929485301,10197,0.5951750514857311,0.5499539721481042,0.5325245445402718,0.8573109738158282
MFCC,10,239,head_only,42,20,1032,30056,False,False,0.7055236430236429,0.47870467764392877,0.6806939230962159,0.4708912271498837,-0.02527519456219046,0.9490590385480425,10197,0.6192017259978425,0.586670519585894,0.5595020337478069,0.8638815337844464
MFCC,10,239,head_only,123,1,1032,30056,False,False,0.655221330956625,0.49411493985601734,0.652512210360514,0.4977998498623927,0.0016334281503185277,1.0032920973263006,10197,0.5843875649700893,0.536974813157264,0.5184725196150113,0.8495635971364127
MFCC,10,239,head_only,2026,4,1032,30056,False,False,0.5878968253968254,0.49626229698089847,0.5878968253968254,0.48411380517881925,-0.0120526165332549,0.9757085203555974,10197,0.5963518681965284,0.5564494830756547,0.5341056063679988,0.8525056389134059
MFCC,10,239,bn_head,42,2,1480,30056,True,False,0.6237720612720612,0.45271827152966565,0.5691497792880816,0.4530770045376161,-0.04308941717445802,0.9131553138445494,10197,0.5904677846425419,0.5561927629550404,0.5352358760776217,0.8499558693733451
MFCC,10,239,bn_head,123,1,1480,30056,True,False,0.6154486036838978,0.45681923812118963,0.5666420578552956,0.46232603122019555,-0.03384039049187859,0.931796290496425,10197,0.5864469942139845,0.5436815189503155,0.5252124355752575,0.8523095027949397
MFCC,10,239,bn_head,2026,3,1480,30056,True,False,0.5626262626262626,0.4450194508919366,0.5046283252852154,0.4275576351518771,-0.06860878656019703,0.8617222295627035,10197,0.5872315386878494,0.5574188439262115,0.5337700626869077,0.8463273511817201
MFCC,10,239,bn_head_replay,42,8,1480,30056,True,True,0.6288419913419914,0.4829272331942813,0.61206262597794,0.4815693105134326,-0.014597111198641544,0.9705802114776879,10197,0.6051779935275081,0.5737923751552281,0.5495060422495573,0.8586839266450917
MFCC,10,239,bn_head_replay,123,1,1480,30056,True,True,0.6154486036838978,0.46728834336226144,0.5796280156317298,0.46940519916709,-0.026761222544984142,0.9460640193009399,10197,0.584191428851623,0.5435843789690732,0.5234844257067782,0.8525056389134059
MFCC,10,239,bn_head_replay,2026,1,1480,30056,True,True,0.5624864718614719,0.47484890488995957,0.5383195506402751,0.4708273111996808,-0.025339110512393348,0.9489302189677445,10197,0.5870354025693831,0.5448035394320844,0.525020126933804,0.8527017750318722
MFCC,10,239,full,42,2,29608,30056,True,False,0.6237720612720612,0.45732091890476484,0.5749361499791239,0.44988465461415733,-0.046281767097916815,0.9067212832778633,10197,0.6020398156320487,0.5702848576988141,0.5478956508787673,0.857212905756595
MFCC,10,239,full,123,1,29608,30056,True,False,0.6154486036838978,0.4565084368861057,0.5662565376391239,0.45847670287152376,-0.03768971884055039,0.9240381509282751,10197,0.5962538001372952,0.5540368403635247,0.5351526091958699,0.8566244974011964
MFCC,10,239,full,2026,2,29608,30056,True,False,0.5603603912427442,0.45292132687158915,0.5115202497020775,0.45289751468852807,-0.04326890702354608,0.9127935605270462,10197,0.6007649308620182,0.5686206445998138,0.5466294990727232,0.8550554084534667
MFCC,20,461,head_only,42,2,1032,30056,False,False,0.5546462871059645,0.49162331018821315,0.5495677089750163,0.49073505989941557,-0.005431361812658575,0.9890533466696172,10197,0.5911542610571737,0.5530921912687526,0.5261707457044043,0.8481906443071492
MFCC,20,461,head_only,123,19,1032,30056,False,False,0.6683892343843618,0.48003112698609673,0.6466532667401821,0.46699836582221477,-0.02916805588985938,0.9412131603158231,10197,0.6473472589977445,0.6109579663810268,0.5815902316919319,0.8791801510248112
MFCC,20,461,head_only,2026,2,1032,30056,False,False,0.613945534725145,0.4909090737970591,0.6074402068035528,0.4885913760484269,-0.007575045663647251,0.9847328530667013,10197,0.5904677846425419,0.5519167031799825,0.5260796943089399,0.8487790526625478
MFCC,20,461,bn_head,42,1,1480,30056,True,False,0.542394048603726,0.45622114607858555,0.4987270876298685,0.4498619975849578,-0.04630442412711633,0.9066756191051017,10197,0.5852701775031872,0.5511515462940458,0.5294540474858038,0.8496616651956458
MFCC,20,461,bn_head,123,2,1480,30056,True,False,0.5834710391162004,0.4435368367688989,0.5215808400392693,0.43773575862922215,-0.058430663082852,0.882235756943747,10197,0.5906639207610082,0.5608345263525225,0.5362681666050362,0.8479945081886829
MFCC,20,461,bn_head,2026,12,1480,30056,True,False,0.5989411027568923,0.4466846215107238,0.5392097652820013,0.453064117994437,-0.043102303717637125,0.9131293416251182,10197,0.6158674119839168,0.5951251268165854,0.562572772418712,0.8624105128959498
MFCC,20,461,bn_head_replay,42,29,1480,30056,True,True,0.6324877623100222,0.49198940822907256,0.6271631176033404,0.5003903136835095,0.004223891971435356,1.0085130548674786,10197,0.6473472589977445,0.6151354817828223,0.5879998772265055,0.8750612925370207
MFCC,20,461,bn_head_replay,123,7,1480,30056,True,True,0.5882193510997858,0.501645440306431,0.5882193510997858,0.49364763013832086,-0.0025187915737532873,0.9949234944898893,10197,0.6151809355692851,0.5831233062717118,0.5565184478424912,0.8620182406590173
MFCC,20,461,bn_head_replay,2026,6,1480,30056,True,True,0.5934647458017024,0.49329971303616194,0.5900358750414294,0.49527482137817347,-0.0008916003339006773,0.9982030216175772,10197,0.6132195743846229,0.5813569348323312,0.5546783479401625,0.8594684711189565
MFCC,20,461,full,42,7,29608,30056,True,False,0.6877974232410449,0.41535816266849945,0.5757791368060582,0.4065072172542409,-0.08965920445783326,0.8192961060354411,10197,0.6381288614298323,0.6201780521712636,0.5856065037884863,0.8761400411885849
MFCC,20,461,full,123,19,29608,30056,True,False,0.7092261904761904,0.4138274885341589,0.5915299390770293,0.40740177229097785,-0.0887646494210963,0.8210990394819452,10197,0.659605766401883,0.6402437141723372,0.6030748536384434,0.8874178680003922
MFCC,20,461,full,2026,2,29608,30056,True,False,0.6368365129234694,0.42385510675066784,0.544023933011208,0.4221741452886488,-0.07399227642342532,0.8508720598864646,10197,0.6108659409630284,0.5857021621391763,0.559351140703189,0.8615279003628519
LogMel,5,120,head_only,42,6,1032,30056,False,False,0.6392857142857143,0.620809529054029,0.624422119620774,0.6243742555363206,-0.01121287494155876,0.9823582410595253,10197,0.7199176228302442,0.7132633378951916,0.6785228976242113,0.9132097675786996
LogMel,5,120,head_only,123,1,1032,30056,False,False,0.708531746031746,0.6253388265968427,0.6971072720383293,0.6303331838786119,-0.005253946599267478,0.9917337114813556,10197,0.7108953613807982,0.7091761532869244,0.6766314709311,0.910856134157105
LogMel,5,120,head_only,2026,18,1032,30056,False,False,0.8401785714285714,0.6277187087129563,0.8297773549141968,0.6152013701183459,-0.020385760359533545,0.9679260963886949,10197,0.7205060311856428,0.7112649944293729,0.6763277113025775,0.9166421496518584
LogMel,5,120,bn_head,42,3,1480,30056,True,False,0.6154761904761905,0.6148018862483833,0.5953486228728803,0.6144177636540281,-0.021169366823851288,0.9666932104054173,10197,0.7119741100323624,0.7090064998157979,0.6712502536381613,0.9072276159654801
LogMel,5,120,bn_head,123,1,1480,30056,True,False,0.708531746031746,0.6351437958502508,0.7080375310882278,0.6262301838888984,-0.009356946588981008,0.9852782629787582,10197,0.7111895655584975,0.7099071004506419,0.6742908235732494,0.9072276159654801
LogMel,5,120,bn_head,2026,1,1480,30056,True,False,0.7654761904761904,0.6315768984741736,0.7606464244694207,0.6280439483966394,-0.007543182081240052,0.9881319464798343,10197,0.7096204766107679,0.7088746274728135,0.6729940858653078,0.9066392076100814
LogMel,5,120,bn_head_replay,42,2,1480,30056,True,True,0.6666666666666667,0.6217461068226273,0.652148831642909,0.6217214300732331,-0.013865700404646297,0.9781844223399849,10197,0.7151122879278219,0.7096345148558681,0.6728692566090498,0.9120329508679024
LogMel,5,120,bn_head_replay,123,1,1480,30056,True,True,0.708531746031746,0.6278009784584635,0.6998519984084146,0.6240441786133175,-0.01154295186456189,0.9818389150581399,10197,0.7144258115131902,0.7105370371310915,0.6745169176109311,0.9100715896832402
LogMel,5,120,bn_head_replay,2026,2,1480,30056,True,True,0.7654761904761904,0.6263688286339724,0.754374029592555,0.6276575102640098,-0.00792962021386956,0.9875239446589997,10197,0.7165833088163185,0.7102972802345979,0.6740224071457996,0.9124252231048348
LogMel,5,120,full,42,1,29608,30056,True,False,0.5791666666666667,0.6233105983619434,0.5679799106062238,0.6270554967132822,-0.008531633764597202,0.9865767675972569,10197,0.7071687751299401,0.707092826607164,0.671750864587875,0.9076198882024125
LogMel,5,120,full,123,1,29608,30056,True,False,0.6656746031746033,0.6328339074476015,0.6627910478597664,0.626153929128702,-0.009433201349177356,0.9851582876731868,10197,0.7114837697361969,0.7108783238080584,0.6750946233071065,0.9088947729724429
LogMel,5,120,full,2026,1,29608,30056,True,False,0.7654761904761904,0.6372670275989996,0.7654761904761904,0.6268514290829906,-0.008735701394888773,0.9862556981159756,10197,0.7094243404923016,0.7104605973688917,0.6733708201391936,0.9080121604393449
LogMel,10,239,head_only,42,5,1032,30056,False,False,0.83497335997336,0.6073546100219274,0.7978841847285769,0.6210045210442423,-0.014582609433637095,0.9770564746604091,10197,0.7236442090811023,0.716389114601138,0.678980513126632,0.9143865842894969
LogMel,10,239,head_only,123,22,1032,30056,False,False,0.7094988344988344,0.6325695066090894,0.7061302945847984,0.6054608272397483,-0.030126303238131147,0.9526008287557993,10197,0.7258017063842307,0.7164412834672986,0.6781246229919403,0.9227223693243111
LogMel,10,239,head_only,2026,24,1032,30056,False,False,0.7484532828282828,0.6140381377742208,0.7230776678145403,0.609425598069017,-0.02616153240886243,0.958838794628846,10197,0.7249190938511327,0.7155892371140904,0.6782341423502942,0.923604981857409
LogMel,10,239,bn_head,42,3,1480,30056,True,False,0.8763111888111887,0.6044136791235952,0.8333310167691884,0.5992345250608715,-0.03635260541700791,0.9428046861337871,10197,0.7057958223006767,0.7055071545697364,0.6626443655604901,0.9062469353731489
LogMel,10,239,bn_head,123,2,1480,30056,True,False,0.6499999999999999,0.6071813348735979,0.620950061356811,0.608145338110574,-0.027441792367305373,0.9568244996611673,10197,0.7080513876630381,0.7061284847428704,0.6652590704661492,0.9080121604393449
LogMel,10,239,bn_head,2026,1,1480,30056,True,False,0.6947843822843822,0.6138779545255256,0.6710532592318772,0.6035469854227324,-0.03204014505514696,0.9495896887794802,10197,0.7095224085515348,0.7093238930758505,0.6691995614775925,0.9055604589585172
LogMel,10,239,bn_head_replay,42,1,1480,30056,True,True,0.853583916083916,0.620681811408631,0.8335662977094797,0.6209556731072612,-0.014631457370618217,0.9769796198365167,10197,0.7136412670393253,0.7092296247997272,0.6711106613561392,0.9119348828086692
LogMel,10,239,bn_head_replay,123,21,1480,30056,True,True,0.6858974358974359,0.6073798316057742,0.6554573702601363,0.6128924356123759,-0.022694694865503462,0.9642933379591245,10197,0.7244287535549672,0.7212311553818986,0.6780248498092338,0.9162498774149259
LogMel,10,239,bn_head_replay,2026,1,1480,30056,True,True,0.7128496503496504,0.6217228984977642,0.697300070370017,0.6252442337681645,-0.010342896709714888,0.9837270199257522,10197,0.7138374031577915,0.7090683249327553,0.6709763645189356,0.911738746690203
LogMel,10,239,full,42,4,29608,30056,True,False,0.8747086247086246,0.5882020023421115,0.8094961962692448,0.5925848204057296,-0.04300231007214983,0.9323423838997218,10197,0.7136412670393253,0.7104993148316555,0.6681037800419166,0.9149749926448956
LogMel,10,239,full,123,6,29608,30056,True,False,0.6998251748251747,0.5714773356436137,0.6292358783676412,0.5876857758703026,-0.04790135460757683,0.9246344799782821,10197,0.7216828478964401,0.717755816766086,0.6743197879136666,0.9152691968225949
LogMel,10,239,full,2026,1,29608,30056,True,False,0.6743881118881119,0.6175819911537069,0.6552838044991603,0.614451904553019,-0.02113522592486039,0.9667469259344986,10197,0.7081494557222713,0.7084915084889241,0.6674771424414423,0.909875453564774
LogMel,20,461,head_only,42,1,1032,30056,False,False,0.7428207525229739,0.6172273399840635,0.7213633743968207,0.6236247249737124,-0.01196240550416705,0.9811789683419598,10197,0.7174659213494164,0.7123749379125501,0.6772259126898397,0.9123271550456017
LogMel,20,461,head_only,123,2,1032,30056,False,False,0.7070622517024316,0.6122767978960844,0.6811305494182391,0.6146543152520152,-0.02093281522586421,0.9670653884855638,10197,0.723448072962636,0.7173922865872098,0.680113354866721,0.9141904481710307
LogMel,20,461,head_only,2026,2,1032,30056,False,False,0.6911074387304363,0.6087769860843654,0.6619553534610831,0.613715269169482,-0.021871861308397356,0.9655879418263983,10197,0.7247229577326665,0.7192219844261374,0.6822923688644125,0.9139943120525644
LogMel,20,461,bn_head,42,2,1480,30056,True,False,0.7516475891046829,0.6053252736638874,0.7158598101750404,0.5939780261710912,-0.041609104306788214,0.934534381972927,10197,0.7094243404923016,0.703532411400869,0.6625389640523471,0.9090909090909091
LogMel,20,461,bn_head,123,1,1480,30056,True,False,0.706215511125556,0.5996734598923128,0.6663110039183203,0.604736759509324,-0.030850370968555363,0.9514616179447185,10197,0.7113857016769638,0.7083064532448373,0.6682027013110671,0.9091889771501422
LogMel,20,461,bn_head,2026,1,1480,30056,True,False,0.7191407867494823,0.6064487849923389,0.6861719431523902,0.6067616815635655,-0.028825448914313934,0.9546475258354572,10197,0.7107972933215652,0.7081442859824338,0.6679713016817103,0.9085025007355104
LogMel,20,461,bn_head_replay,42,2,1480,30056,True,True,0.7602874999185067,0.6089369901477171,0.7284086786011804,0.6129922376024335,-0.022594892875445916,0.9644503612613152,10197,0.7157006962832205,0.7094220921366425,0.6684229666048813,0.9129155634010003
LogMel,20,461,bn_head_replay,123,2,1480,30056,True,True,0.7155289633737909,0.6138550271010339,0.6910634752361146,0.6038485063779551,-0.03173862409992434,0.9500640862944141,10197,0.7191330783563793,0.7116202621451027,0.6724943996936037,0.9130136314602334
LogMel,20,461,bn_head_replay,2026,2,1480,30056,True,True,0.7149956565173956,0.6129966698014715,0.6895828051743951,0.611639232121118,-0.023947898356761366,0.9623216122410225,10197,0.7156026282239875,0.7090728597988868,0.6680519658082761,0.9123271550456017
LogMel,20,461,full,42,4,29608,30056,True,False,0.7802075239575239,0.581113265170875,0.7133387698032062,0.57727494446164,-0.05831218601623944,0.9082546149535844,10197,0.7344316955967441,0.7259501961649263,0.6877842177122603,0.9218397567912131
LogMel,20,461,full,123,1,29608,30056,True,False,0.7056637983455825,0.5933547435393105,0.658775079000583,0.595501243155709,-0.040085887322170444,0.9369309329909952,10197,0.7106011572030989,0.7089268250672214,0.6673456647929721,0.9121310189271354
LogMel,20,461,full,2026,1,29608,30056,True,False,0.7194619329945418,0.6059102879691115,0.6858688071229099,0.6021708840149862,-0.03341624646289321,0.9474246018201021,10197,0.713347062861626,0.7120799817363443,0.670884970823462,0.9134059036971658
PCEN,5,120,head_only,42,6,1032,30056,False,False,0.755654761904762,0.5677070406884931,0.755654761904762,0.5670606036755305,0.04017583320693663,1.0762516501875838,10197,0.6806903991370011,0.6742374507628532,0.636640471032055,0.8755516328331863
PCEN,5,120,head_only,123,4,1032,30056,False,False,0.6952380952380952,0.5543778322892416,0.6952380952380952,0.5662719470405816,0.03938717657198776,1.0747548207494366,10197,0.6708835932136903,0.6664862268668614,0.6286621790813786,0.8718250465823282
PCEN,5,120,head_only,2026,9,1032,30056,False,False,0.6702380952380953,0.5780083663591175,0.6702380952380953,0.595123536940621,0.0682387664720272,1.1295136437732636,10197,0.693341178778072,0.6862229450659764,0.6494082688472201,0.8820241247425713
PCEN,5,120,bn_head,42,7,1480,30056,True,False,0.7925595238095238,0.6240217756096873,0.7925595238095238,0.6133549836260243,0.08647021315743042,1.1641159851337641,10197,0.7261939786211631,0.7090893297064029,0.6788651503649019,0.9086986368539767
PCEN,5,120,bn_head,123,5,1480,30056,True,False,0.8172619047619047,0.6020563797996499,0.8172619047619047,0.6148868707000945,0.08800210023150068,1.167023427443603,10197,0.7186427380602138,0.7042518724249657,0.6734933947495461,0.9024222810630578
PCEN,5,120,bn_head,2026,11,1480,30056,True,False,0.7238095238095239,0.6260202574211305,0.7238095238095239,0.6291654971247431,0.10228072665614929,1.1941235207181717,10197,0.7329606747082476,0.7129339410659874,0.6840925385309593,0.9140923801117976
PCEN,5,120,bn_head_replay,42,10,1480,30056,True,True,0.8342261904761905,0.6424116729439344,0.8342261904761905,0.644101468624683,0.11721669815608915,1.2224712208930246,10197,0.7403157791507307,0.7178072407209504,0.6923421169555681,0.9210552123173482
PCEN,5,120,bn_head_replay,123,1,1480,30056,True,True,0.7440476190476191,0.5799635741093373,0.7440476190476191,0.5869354655209313,0.06005069505233751,1.113973108387495,10197,0.6904972050603119,0.6803894659870987,0.6459418872434853,0.8866333235265275
PCEN,5,120,bn_head_replay,2026,11,1480,30056,True,True,0.8023809523809524,0.6488781378373834,0.8023809523809524,0.6464597129399154,0.11957494247132161,1.2269470464385897,10197,0.7374718054329705,0.7169314255545005,0.6909088343183482,0.9198783956065509
PCEN,5,120,full,42,6,29608,30056,True,False,0.7833333333333333,0.6162752423621409,0.7833333333333333,0.60278287708387,0.07589810661527618,1.1440506745863521,10197,0.730607041286653,0.711972268499228,0.6801867400905965,0.9128174953417671
PCEN,5,120,full,123,1,29608,30056,True,False,0.7380952380952381,0.5582809462988809,0.7380952380952381,0.5665615878262144,0.03967681735762052,1.0753045439562303,10197,0.6690203000882613,0.6635314388054124,0.6280234880988077,0.8750612925370207
PCEN,5,120,full,2026,10,29608,30056,True,False,0.6860119047619049,0.6280519407714894,0.6860119047619049,0.6172798003321567,0.09039502986356285,1.1715650839236984,10197,0.7434539570461901,0.7201905074017346,0.6951092055178802,0.9183093066588213
PCEN,10,239,head_only,42,1,1032,30056,False,False,0.728425740925741,0.5457596840368728,0.728425740925741,0.5495557169785795,0.02267094650998569,1.043028282046989,10197,0.6566637246248896,0.6518811706819028,0.6136811056147811,0.8656467588506424
PCEN,10,239,head_only,123,11,1032,30056,False,False,0.7389763014763014,0.599358115350404,0.7389763014763014,0.5954341369436539,0.06854936647506005,1.1301031464889268,10197,0.7218789840149064,0.7027168001390212,0.669189421577456,0.8984014906345004
PCEN,10,239,head_only,2026,14,1032,30056,False,False,0.8317057942057942,0.6023798550439581,0.8317057942057942,0.5953645959938867,0.06847982552529286,1.1299711613687167,10197,0.7266843189173287,0.704447230082019,0.6752755653919249,0.9029126213592233
PCEN,10,239,bn_head,42,2,1480,30056,True,False,0.7470404595404595,0.6111922697435216,0.7470404595404595,0.6175784183226822,0.0906936478540884,1.17213184540033,10197,0.7074629793076395,0.6978878148003453,0.6620692694584921,0.8954594488575071
PCEN,10,239,bn_head,123,13,1480,30056,True,False,0.6832778332778333,0.6265622938146445,0.6832778332778333,0.6285623593210632,0.10167758885246936,1.1929787964112926,10197,0.7275669314504266,0.7113253399511947,0.6744283570150997,0.9119348828086692
PCEN,10,239,bn_head,2026,5,1480,30056,True,False,0.7662670662670663,0.6308375264832942,0.7662670662670663,0.6238331537853017,0.09694838331670785,1.1840030092926868,10197,0.7235461410218692,0.7081773838433209,0.6739213924158174,0.9091889771501422
PCEN,10,239,bn_head_replay,42,1,1480,30056,True,True,0.7468906093906094,0.609519908515405,0.7468906093906094,0.6186674920911135,0.09178272162251966,1.1741988509952397,10197,0.7138374031577915,0.7011066346180366,0.6677406322337118,0.9019319407668922
PCEN,10,239,bn_head_replay,123,16,1480,30056,True,True,0.6808608058608059,0.6479511642920373,0.6808608058608059,0.6463288705890813,0.11944410012048745,1.226698714434767,10197,0.7438462292831225,0.7234851267708113,0.6942693919675218,0.9205648720211828
PCEN,10,239,bn_head_replay,2026,9,1480,30056,True,True,0.7676198801198801,0.6447803137193626,0.7676198801198801,0.6518081809805071,0.12492341051191325,1.2370981617115455,10197,0.7413945278022948,0.7211567266247314,0.6905430045740827,0.9210552123173482
PCEN,10,239,full,42,1,29608,30056,True,False,0.724975024975025,0.5743585408634809,0.724975024975025,0.5815230855884617,0.05463831511986783,1.103700691654599,10197,0.6905952731195449,0.6814590277667603,0.6399646795380852,0.8906541139550849
PCEN,10,239,full,123,3,29608,30056,True,False,0.6818348318348318,0.6191219557749579,0.6818348318348318,0.6124240829965817,0.08553931252798785,1.1623491839627704,10197,0.7230558007257036,0.7100898646030689,0.6741011958696167,0.913602039815632
PCEN,10,239,full,2026,2,29608,30056,True,False,0.7460081585081585,0.5984740747346593,0.7460081585081585,0.6150372120846982,0.08815244161610436,1.1673087676034068,10197,0.7137393350985584,0.7024544224855462,0.6633152837085363,0.9055604589585172
PCEN,20,461,head_only,42,7,1032,30056,False,False,0.6947427817280758,0.5891709036996406,0.6947427817280758,0.5984568871392859,0.07157211667069208,1.1358401697719185,10197,0.7302147690497205,0.7070698940559321,0.6718245427532306,0.9047759144846523
PCEN,20,461,head_only,123,15,1032,30056,False,False,0.7461385836385837,0.5883861334138261,0.7461385836385837,0.5896874105406339,0.06280264007204006,1.1191961574751639,10197,0.7337452191821124,0.7047621429796619,0.6706529741781114,0.9100715896832402
PCEN,20,461,head_only,2026,2,1032,30056,False,False,0.717767358738607,0.5724787421185755,0.717767358738607,0.5790112753126307,0.052126504844036914,1.0989334058710358,10197,0.6872609591056194,0.678172658915023,0.6381243988577721,0.8795724232617437
PCEN,20,461,bn_head,42,18,1480,30056,True,False,0.8075773274077247,0.6120792977519012,0.8075773274077247,0.6136290889082452,0.08674431843965136,1.1646362227598719,10197,0.7397273707953319,0.718452868662333,0.6775884893880607,0.913602039815632
PCEN,20,461,bn_head,123,10,1480,30056,True,False,0.7224711305061755,0.6141979189420785,0.7224711305061755,0.6245621372418718,0.09767736677327798,1.1853865821295366,10197,0.7342355594782779,0.716367821522757,0.6752639017443152,0.9131116995194665
PCEN,20,461,bn_head,2026,9,1480,30056,True,False,0.74766679474491,0.6086310436120317,0.74766679474491,0.6198297611531799,0.09294499068458606,1.176404777465714,10197,0.7339413553005786,0.7176148038376982,0.677286956671743,0.9128174953417671
PCEN,20,461,bn_head_replay,42,11,1480,30056,True,True,0.7954058918253292,0.6491204816567817,0.7954058918253292,0.6527318607531694,0.12584709028457552,1.238851258070434,10197,0.7488477003040109,0.7278615908136792,0.6971459849132807,0.9242914582720408
PCEN,20,461,bn_head_replay,123,5,1480,30056,True,True,0.7473780364988805,0.6404070701651745,0.7473780364988805,0.6522292230401359,0.12534445257154203,1.2378972777293693,10197,0.7438462292831225,0.7223023023618338,0.6941652947902326,0.92174168873198
PCEN,20,461,bn_head_replay,2026,4,1480,30056,True,True,0.7954412368714427,0.6387204791611705,0.7954412368714427,0.6546438376904826,0.1277590672218888,1.242480091250814,10197,0.7403157791507307,0.7189680855041456,0.6883115771663221,0.9208590761988821
PCEN,20,461,full,42,5,29608,30056,True,False,0.8003464240102172,0.6184869072976312,0.8003464240102172,0.6347396078967771,0.10785483742818325,1.204702894206376,10197,0.7496322447778758,0.7289199400836051,0.7010758560815211,0.9232127096204766
PCEN,20,461,full,123,6,29608,30056,True,False,0.7776637714137714,0.6381729605189036,0.7776637714137714,0.6417043467177495,0.11481957624915562,1.217921607692397,10197,0.7540453074433657,0.7322453181235995,0.704910699041679,0.9254682749828381
PCEN,20,461,full,2026,9,29608,30056,True,False,0.7644932494070426,0.6117542692161243,0.7644932494070426,0.6334774758880526,0.10659270541945876,1.202307433036371,10197,0.7589487104050211,0.7371808437637659,0.70910638734648,0.9259586152790036
