feature,requested_shots,policy,seed,xeno_macro_f1,xeno_macro_f1_retention,db3v_source_recording_macro_f1,db3v_source_recording_accuracy,birdset_clips,birdset_top1_any_target,birdset_top3_any_target,birdset_singleton_clips,birdset_singleton_accuracy,birdset_singleton_supported_macro_f1
MFCC,5,head_only,42,0.47928187047607274,0.9659699840675645,0.5532622127451265,0.6195876288659794,18265,0.16370106761565836,0.4782918149466192,9626,0.15343860378142532,0.09579641714903822
MFCC,5,head_only,123,0.4789927236180167,0.9653872222251603,0.5493499333271256,0.6185567010309279,18265,0.16583629893238433,0.4769778264440186,9626,0.15572408061500104,0.09809664031557593
MFCC,5,head_only,2026,0.473766019458835,0.9548530467339079,0.5523630813885086,0.6206185567010309,18265,0.16496030659731728,0.47993430057486997,9626,0.154373571576979,0.0969172353753934
MFCC,10,bn_head_replay,42,0.49637810888478534,1.0004266455032986,0.575710161847966,0.6505154639175258,18265,0.19622228305502326,0.4790035587188612,9626,0.18844795345938084,0.11066039711461942
MFCC,10,bn_head_replay,123,0.49205271296999853,0.9917090142297803,0.5771020124080213,0.6494845360824743,18265,0.19775526964139065,0.4796058034492198,9626,0.18803241221691253,0.11253605397169718
MFCC,10,bn_head_replay,2026,0.4865168093475002,0.9805516618168618,0.5719400433075782,0.6494845360824743,18265,0.19824801532986586,0.479222556802628,9626,0.18875960939123207,0.11221282477237127
MFCC,20,bn_head_replay,42,0.4819954735879395,0.9714391230361048,0.5643430426279592,0.643298969072165,18265,0.18165891048453325,0.47473309608540926,9626,0.17452732183669228,0.11009221076230964
MFCC,20,bn_head_replay,123,0.48900163305932937,0.9855597067048151,0.5765008840344434,0.6649484536082474,18265,0.2186148371201752,0.503367095537914,9626,0.21722418450031167,0.10780976124492891
MFCC,20,bn_head_replay,2026,0.48069384729123465,0.9688157566821033,0.5810782570355466,0.6639175257731958,18265,0.20290172460990966,0.5050095811661648,9626,0.19758986079368376,0.10413522550051893
LogMel,5,head_only,42,0.5980433169196808,0.9409305007010282,0.6765519550150506,0.7371134020618557,18265,0.19436079934300574,0.4537640295647413,9626,0.19800540203615208,0.1028773274856377
LogMel,5,head_only,123,0.5934172899651888,0.9336521485559591,0.6731638275543894,0.7350515463917526,18265,0.1933753079660553,0.45206679441554887,9626,0.19717431955121545,0.10237113120035601
LogMel,5,head_only,2026,0.5962464534471987,0.9381034084168735,0.6671241555083505,0.7309278350515463,18265,0.19375855461264713,0.4535997810019162,9626,0.19717431955121545,0.10205029405353028
LogMel,10,bn_head_replay,42,0.6072617955132267,0.9554343793220675,0.6820618336163753,0.7515463917525773,18265,0.2266630166986039,0.5708185053380783,9626,0.22169125285684604,0.12026476769743509
LogMel,10,bn_head_replay,123,0.6123248357860072,0.9634003056758214,0.6844368247500163,0.7494845360824742,18265,0.2277580071174377,0.5739392280317547,9626,0.22117182630376064,0.12166206876623986
LogMel,10,bn_head_replay,2026,0.610398518909959,0.9603695380852318,0.6770823990399022,0.7474226804123711,18265,0.2200383246646592,0.5503421845058856,9626,0.21670475794722627,0.11409084133048264
LogMel,20,bn_head_replay,42,0.6121516529136498,0.963127828679273,0.681039487405638,0.7474226804123711,18265,0.22299479879551054,0.5536819052833287,9626,0.22023685850820693,0.11865319644549022
LogMel,20,bn_head_replay,123,0.6159522872278553,0.9691075506276201,0.6945289154870732,0.7577319587628866,18265,0.21872433616205858,0.5474404598959759,9626,0.2170164138790775,0.1144167585683388
LogMel,20,bn_head_replay,2026,0.6125924750101592,0.9638213954231087,0.6894884145229947,0.7536082474226804,18265,0.22294004927456884,0.550615932110594,9626,0.21857469353833367,0.11969087308454329
PCEN,5,full,42,0.6218588403150355,1.180255864601998,0.7168354427017947,0.7876288659793814,18265,0.15521489186969614,0.42408978921434437,9626,0.12487014336172865,0.13052793475375327
PCEN,5,full,123,0.6217402898339346,1.18003086193017,0.7163169595337839,0.7927835051546391,18265,0.1554338899534629,0.4256775253216534,9626,0.12424683149802618,0.1277995376524803
PCEN,5,full,2026,0.6360157747225977,1.20712499273218,0.7248281106644525,0.7958762886597938,18265,0.15860936216808103,0.4314809745414728,9626,0.12684396426345315,0.1335920309035992
PCEN,10,full,42,0.6338306441530023,1.2029777281079777,0.7136176383418766,0.7876288659793814,18265,0.15335340815767862,0.378154941144265,9626,0.13411593600664867,0.13169381044414624
PCEN,10,full,123,0.6301936090457188,1.1960748238846333,0.7291611658442603,0.8020618556701031,18265,0.1707637558171366,0.38653161784834383,9626,0.15364637440265946,0.14217107387985067
PCEN,10,full,2026,0.6208528685686578,1.1783465823399903,0.7105855157298975,0.7855670103092783,18265,0.14377224199288255,0.37952367916780727,9626,0.1241429461874091,0.1269438953893577
PCEN,20,full,42,0.6094530521652802,1.1567103213540466,0.7120137376474678,0.7876288659793814,18265,0.1433889953462907,0.3869696140158774,9626,0.12829835861209224,0.12558324776617114
PCEN,20,full,123,0.6175242208814171,1.1720289814644131,0.7111167008472141,0.7855670103092783,18265,0.12083219271831372,0.359321105940323,9626,0.10284645751090796,0.10922978690851445
PCEN,20,full,2026,0.6223059083134292,1.181104376503369,0.7149306457686614,0.7876288659793814,18265,0.12061319463454695,0.37618395839036406,9626,0.09993766881362975,0.11005496083331304
