feature,requested_shots,policy,n_seeds,seeds,birdset_clips,birdset_singleton_clips,xeno_macro_f1_mean,xeno_macro_f1_std,xeno_macro_f1_retention_mean,xeno_macro_f1_retention_std,db3v_source_recording_macro_f1_mean,db3v_source_recording_macro_f1_std,db3v_source_recording_accuracy_mean,db3v_source_recording_accuracy_std,birdset_top1_any_target_mean,birdset_top1_any_target_std,birdset_top3_any_target_mean,birdset_top3_any_target_std,birdset_singleton_accuracy_mean,birdset_singleton_accuracy_std,birdset_singleton_supported_macro_f1_mean,birdset_singleton_supported_macro_f1_std
LogMel,5,head_only,3,42|123|2026,18265,9626,0.5959023534440228,0.002332130990116308,0.9375620192246202,0.0036692545809775103,0.6722799793592635,0.004775640439632611,0.7343642611683849,0.003149536560107156,0.19383155397390273,0.0004967846551260573,0.4531435349940688,0.0009360940672128603,0.19745134704619433,0.0004798256963969461,0.10243291757984133,0.0004169643173861212
LogMel,10,bn_head_replay,3,42|123|2026,18265,9626,0.609995050069731,0.002555520402917084,0.959734741027707,0.004020723958012925,0.6811936858020979,0.0037532858740006534,0.7494845360824742,0.0020618556701030855,0.22481978282690027,0.004176901677353775,0.5650333059585728,0.012818210276240328,0.219855945702611,0.0027413389407874166,0.1186725592647192,0.004028922559556019
LogMel,20,bn_head_replay,3,42|123|2026,18265,9626,0.6135654717172214,0.002078760987113374,0.9653522582433339,0.0032706152900710958,0.688352272471902,0.006816104573819916,0.7529209621993127,0.005188889646234174,0.22155306141071265,0.0024499008708089853,0.5505794324299662,0.003120882775889127,0.21860932197520602,0.0016105015519403633,0.11758694269945744,0.002794055076534183
MFCC,5,head_only,3,42|123|2026,18265,9626,0.47734687118430813,0.0031044767330822265,0.9620700843422109,0.006256926299788525,0.5516584091535869,0.002049122929482446,0.6195876288659794,0.0010309278350515427,0.16483255771511998,0.0010733326728739876,0.4784013139885026,0.001481275582640981,0.15451208532446845,0.0011490172465570302,0.09693676428000252,0.0011502359269104795
MFCC,10,bn_head_replay,3,42|123|2026,18265,9626,0.49164921040076137,0.004943017083072931,0.9908957738499803,0.009962417581618196,0.5749174058545218,0.0026707354412855134,0.6498281786941581,0.0005952064630820863,0.19740852267542658,0.0010564435177228828,0.4792773063235697,0.00030483243158117927,0.1884133250225085,0.00036483322088969587,0.11180309195289595,0.0010027127698858213
MFCC,20,bn_head_replay,3,42|123|2026,18265,9626,0.4838969846461678,0.004468404001493462,0.9752715288076744,0.009005857321168119,0.5739740612326497,0.00864901586428934,0.6573883161512027,0.012212615562829415,0.20105849073820603,0.01854678575128543,0.4943699242631627,0.01702580997843307,0.1964471223768959,0.021371357201775836,0.10734573250258583,0.003005480054431957
PCEN,5,full,3,42|123|2026,18265,9626,0.6265383016238559,0.008207946503673942,1.1891372397547828,0.015578257265576385,0.7193268376333437,0.004771290173630341,0.7920962199312714,0.0041664452415746045,0.15641938133041336,0.001899737374530242,0.42708276302582354,0.0038908128827926792,0.12532031304106933,0.0013558260233016092,0.13063983443661092,0.0028978674349135077
PCEN,10,full,3,42|123|2026,18265,9626,0.6282923739224596,0.006694526572121229,1.192466378110867,0.012705864635577461,0.7177881066386781,0.009965354918605578,0.7917525773195876,0.00898742050214575,0.15596313532256592,0.013683693271101461,0.3814034127201387,0.0044935761729367205,0.13730175219890575,0.015007502714350687,0.13360292657111822,0.007791038729529663
PCEN,20,full,3,42|123|2026,18265,9626,0.6164277271200422,0.0064962067176009405,1.1699478931072762,0.012329463825313105,0.7126870280877811,0.0019941248653786254,0.7869415807560137,0.0011904129261641725,0.1282781275663838,0.013086853473488008,0.37415822611552146,0.01393512443927225,0.11036082831220999,0.015602291750436821,0.1149559985026662,0.00921271122867972
