feature,requested_shots,actual_support_recordings,actual_support_clips,support_shortfall_by_class,policy,n_seeds,expected_seeds,complete,seeds,trainable_parameters,total_parameters,common_birdset_heldout_clips,birdset_singleton_samples,db3v_recordings,selected_epoch_mean,selected_epoch_std,selection_birdset_top1_mean,selection_birdset_top1_std,selection_birdset_top3_mean,selection_birdset_top3_std,selection_birdset_supported_macro_f1_mean,selection_birdset_supported_macro_f1_std,selection_xeno_macro_f1_mean,selection_xeno_macro_f1_std,selection_adaptation_score_mean,selection_adaptation_score_std,final_xeno_macro_f1_mean,final_xeno_macro_f1_std,xeno_macro_f1_change_mean,xeno_macro_f1_change_std,xeno_macro_f1_retention_mean,xeno_macro_f1_retention_std,birdset_top1_mean,birdset_top1_std,birdset_top3_mean,birdset_top3_std,birdset_singleton_accuracy_mean,birdset_singleton_accuracy_std,birdset_singleton_macro_f1_mean,birdset_singleton_macro_f1_std,db3v_accuracy_mean,db3v_accuracy_std,db3v_balanced_accuracy_mean,db3v_balanced_accuracy_std,db3v_macro_f1_mean,db3v_macro_f1_std,db3v_top_3_accuracy_mean,db3v_top_3_accuracy_std,selected_by_mean_adaptation_score
LogMel,5,10,684,0|0|0|0|0|3|0|0,bn_head,3,3,True,42|123|2026,1480,30056,18265,9626,10658,1.0,0.0,0.16212325686009896,0.03620919621127126,0.4222109761583446,0.10031957154683599,0.18258997351329803,0.058585360739656915,0.4942053982605565,0.005523927299144009,0.12621652175338474,0.029397917544300045,0.48769506960670495,0.001465185489490467,-0.14789206087117449,0.001465185489490467,0.7673142614451952,0.002305247257585045,0.16078109316543482,0.0005260894353645274,0.39894150926179395,0.0004145566818724591,0.14412355426276058,0.0007866068766258473,0.10681428236910985,0.00015856832696476236,0.548320510414712,0.0024448891388244016,0.549355986988414,0.0023609882747371237,0.5333842303128478,0.001984213902854621,0.8482204290986427,0.0017435866472466702,False
LogMel,5,10,684,0|0|0|0|0|3|0|0,bn_head_replay,3,3,True,42|123|2026,1480,30056,18265,9626,10658,2.3333333333333335,2.309401076758503,0.20679262258209627,0.018824016337624504,0.5102676563202879,0.13626678235119866,0.14556673764006334,0.06751054173685697,0.5587595491990611,0.011188000942247776,0.1820171308391031,0.020346275448677297,0.5610155201425737,0.00631475802304897,-0.07457161033530564,0.00631475802304897,0.8826728755831833,0.009935314483635117,0.20306597317273473,0.021682953160685782,0.4793868053654531,0.037311547468456226,0.18228409169610083,0.011559934895798098,0.13316704786039912,0.02353877027624064,0.6278538812785388,0.023708969074536203,0.6265950403752563,0.018619958994453213,0.5946831742091421,0.01517623437915344,0.8912553950084444,0.00837737447384116,True
LogMel,5,10,684,0|0|0|0|0|3|0|0,full,3,3,True,42|123|2026,29608,30056,18265,9626,10658,1.0,0.0,0.1672514619883041,0.030126926853065953,0.4687246963562753,0.13427947343880195,0.2073975907843142,0.06952233238629259,0.49441939035820165,0.011636975491755363,0.13033765394656835,0.02575702897216625,0.49573199087780145,0.0036735436837829153,-0.13985513960007798,0.0036735436837829153,0.77995913873378,0.005779764107276491,0.15775161967332785,0.0009644829098803781,0.4047632083219272,0.0006838212973882818,0.13595124316088372,0.0021399701579721997,0.106676989011683,0.0019560917069713505,0.5474760743103771,0.002031939184434935,0.5471800347825506,0.0025577867329232653,0.5322568983381701,0.0020811808350927998,0.8504097078876587,0.0015709474391536443,False
LogMel,5,10,684,0|0|0|0|0|3|0|0,head_only,3,3,True,42|123|2026,1032,30056,18265,9626,10658,2.6666666666666665,2.8867513459481287,0.18656095366621683,0.029139337114893058,0.49484930274403954,0.1883166650434288,0.1716359774905771,0.09095834471699889,0.5731890557307114,0.015732744812185805,0.1687133903690664,0.03116892064984984,0.5759445769537511,0.019122148016357175,-0.05964255352412828,0.019122148016357175,0.9061614833527469,0.030085801142606186,0.17421297563646318,0.006590669012938563,0.41976457705995074,0.02029346957385777,0.1713415056444352,0.0007866068766258473,0.09949819032027714,0.009702084827620364,0.6462438231062738,0.03423787710292367,0.6436292437222079,0.03201994884486964,0.6188764174766104,0.022654882906058996,0.8957277788202915,0.01059544282298335,False
LogMel,10,11,699,0|0|0|0|0|8|0|0,bn_head,3,3,True,42|123|2026,1480,30056,18265,9626,10658,1.0,0.0,0.16853351327035537,0.03571001251808179,0.42541610436347277,0.10368389815957797,0.18245697469481226,0.06669280882259043,0.49403895920967744,0.006020327466140404,0.13111693190547064,0.028747946728344364,0.4842491756547503,0.00414680654441629,-0.15133795482312912,0.00414680654441629,0.7618926696811144,0.006524371475706919,0.1581896158408614,0.0009424766006880588,0.3973902728351127,0.0016518878017159988,0.14142253618671652,0.0013398117682770923,0.10636398312876476,0.00039152254035104185,0.545662100456621,0.0038104696091869673,0.5472104183994806,0.0040137863391152325,0.5314553425144231,0.003367047014228101,0.8462813535997998,0.0015283407422119002,False
LogMel,10,11,699,0|0|0|0|0|8|0|0,bn_head_replay,3,3,True,42|123|2026,1480,30056,18265,9626,10658,2.6666666666666665,2.8867513459481287,0.20999775078722446,0.015680687350931293,0.5121907332433648,0.1348204704668088,0.14511837657962134,0.061897696669656846,0.5629458709878659,0.013612493473110405,0.1862175195234059,0.018511736501300842,0.5611139320748328,0.013097818174082133,-0.07447319840304656,0.013097818174082133,0.8828277118401495,0.020607431374883668,0.2038689661465462,0.020174387484268436,0.4835477689570216,0.037632042496630165,0.1819724357642496,0.009490782163111238,0.1365516282480034,0.02570938973156492,0.6291048977294051,0.024898979353046132,0.6260071123365513,0.02015593014292091,0.5932909487865581,0.016724155873572736,0.8922562081691374,0.008247285034461213,True
LogMel,10,11,699,0|0|0|0|0|8|0|0,full,3,3,True,42|123|2026,29608,30056,18265,9626,10658,1.0,0.0,0.16853351327035537,0.03571001251808179,0.4895973909131804,0.1468340533216249,0.20268295367956396,0.04456398291118529,0.48988415599435686,0.009680500341112288,0.13025751054843118,0.030013311168676938,0.4911881591772343,0.0087728362675748,-0.14439897130064508,0.0087728362675748,0.7728101083606338,0.013802727976853087,0.1574778720686194,0.0039008153186266604,0.4036317182224655,0.004555190851111171,0.13615901378211787,0.003643892346542257,0.10833491766491489,0.0027310838694354,0.5432538937887034,0.00694314130230815,0.5434541469747874,0.005519675026945455,0.5285694886005597,0.005382887582656251,0.8487521110902608,0.004141129009328957,False
LogMel,10,11,699,0|0|0|0|0|8|0|0,head_only,3,3,True,42|123|2026,1032,30056,18265,9626,10658,2.6666666666666665,2.8867513459481287,0.18656095366621683,0.029139337114893058,0.49192532613585244,0.19330624024328222,0.17213959573137186,0.0908431089469284,0.5693511868177588,0.014350363571509083,0.16751685836548164,0.030347761563047148,0.5739688291282276,0.016091835299272588,-0.06161830134965185,0.016091835299272588,0.9030529436564853,0.025318063452879576,0.17434072451866048,0.006813254706911465,0.4201660735468565,0.021372612314952924,0.17158390470254173,0.001477705401575716,0.09982390157196559,0.01012617746721309,0.648339275661475,0.03351107413296782,0.6455503900053104,0.031098996911411752,0.6205930374350739,0.02222576807938481,0.8962907362231813,0.01011598814292324,False
LogMel,20,14,1413,0|0|0|0|0|18|0|0,bn_head,3,3,True,42|123|2026,1480,30056,18265,9626,10658,1.0,0.0,0.43034907018829,0.01717800336428621,0.5657981273690288,0.05705056559882284,0.1849336876716356,0.039302391836762166,0.4701667057979226,0.00854050304108483,0.31849727887607515,0.018587150559748772,0.4460311647342123,0.0013946544966309468,-0.1895559657436671,0.0013946544966309468,0.7017624230353036,0.002194277432241844,0.15048818322839674,0.0008236725319023173,0.4110594032302217,0.0025462942139027854,0.13144954636747697,0.0007370246088300071,0.11956739508356948,0.0003024660203576652,0.546944392318759,0.0023593768952952076,0.5439710849195117,0.002184966015791894,0.5212662084518611,0.0021956635101980943,0.8348971038969163,0.0010874672327962308,False
LogMel,20,14,1413,0|0|0|0|0|18|0|0,bn_head_replay,3,3,True,42|123|2026,1480,30056,18265,9626,10658,4.0,5.196152422706632,0.4460555551752178,0.020508053952999362,0.6182841480548387,0.04011436112322111,0.15101930837253918,0.0358520607977381,0.5777719130422435,0.02658567835280368,0.4049347029876029,0.005276528557210189,0.575868158848453,0.02726776234021983,-0.059718971629426444,0.02726776234021983,0.9060412510484196,0.04290169047274132,0.2226115521489187,0.03123118266403526,0.5232594214800621,0.05807624520931309,0.1933651914952559,0.018434984277495847,0.15066159698878553,0.026839651148179076,0.6595984237192719,0.03635049172864211,0.6505594242604621,0.031611261466892145,0.6169838329913953,0.03080987630817717,0.8984174641896541,0.007539060983088783,False
LogMel,20,14,1413,0|0|0|0|0|18|0|0,full,3,3,True,42|123|2026,29608,30056,18265,9626,10658,1.0,0.0,0.42885799405303887,0.022050401566813496,0.5746692773050179,0.065148970081625,0.20106840007308055,0.047604793998128725,0.4706605628252904,0.004068394954672148,0.3174873588662979,0.013731353289507062,0.45927943569775537,0.010404103790941872,-0.176307694780124,0.010404103790941872,0.7226065690669926,0.01636928013806592,0.14399124007664935,0.004172833071402409,0.42425403777716947,0.007277156720572386,0.11822148348223561,0.004064823924062716,0.11713587374906968,0.0009576057121529053,0.5408456871207856,0.008071964924371254,0.531990687220675,0.008190581241592136,0.5173490037883265,0.006428634510662402,0.8472196159379496,0.003307069737201438,False
LogMel,20,14,1413,0|0|0|0|0|18|0|0,head_only,3,3,True,42|123|2026,1032,30056,18265,9626,10658,2.3333333333333335,1.1547005383792515,0.4488744854981017,0.011606412047812714,0.6222455559435001,0.09378755030026682,0.1619055757774967,0.02775356685100432,0.5736339392563188,0.01653936400477707,0.4050055749275472,0.010466281355890656,0.5780602782801165,0.012399553926819904,-0.057526852197762844,0.012399553926819904,0.9094902186667781,0.019508818432961404,0.18658636736928552,0.00911164286342037,0.4524682909024546,0.023771466088805614,0.17601634462220375,0.002009941389421911,0.10615082178691615,0.007462138213474584,0.6706386438981673,0.016152652368882928,0.6610686423901921,0.013864614725224966,0.6372856208107986,0.010465085539529708,0.9051416776130606,0.005203762290809529,True
MFCC,5,10,684,0|0|0|0|0|3|0|0,bn_head,3,3,True,42|123|2026,1480,30056,18265,9626,10658,1.0,0.0,0.13627980206927576,0.07970187266387231,0.23026315789473684,0.07422382989792445,0.1069949043414135,0.019019597714201503,0.4075914768268972,0.0019597284205590325,0.1120073136344492,0.06562766339914249,0.40302427345543695,0.0022238978554829786,-0.09314214825663718,0.0022238978554829786,0.8122763972313152,0.004482161142241692,0.1960762843325121,0.0008731361411738726,0.46349119445204856,0.001618895595119626,0.18948680656555164,0.0009056511413963547,0.13623258846060668,0.0005482158693826251,0.4264089572777882,0.000659013808272516,0.38182904254232974,0.0005981990994255573,0.3749016528237512,0.0005014644118678212,0.7495777819478326,0.00028147870144490383,False
MFCC,5,10,684,0|0|0|0|0|3|0|0,bn_head_replay,3,3,True,42|123|2026,1480,30056,18265,9626,10658,10.666666666666666,4.041451884327381,0.15294646873594242,0.06505903843094972,0.20987404408457042,0.054050660880421396,0.04504586598627058,0.03913012043996294,0.4816227921327397,0.008760516567212315,0.14917294705329795,0.06627346638787483,0.48410128427727517,0.004382204508117897,-0.012065137434798978,0.004382204508117897,0.9756832850696205,0.008832126311564263,0.2006022447303586,0.005659893093798264,0.47060863217446847,0.014505454806815093,0.19118359997229725,0.005246293899414924,0.13316942252283345,0.005639508962778812,0.5433164446112466,0.006986957677440832,0.501164567943222,0.005861442642456052,0.4844766767226457,0.004677943902472659,0.8381497466691687,0.0034140374176506185,True
MFCC,5,10,684,0|0|0|0|0|3|0|0,full,3,3,True,42|123|2026,29608,30056,18265,9626,10658,1.0,0.0,0.13115159694107062,0.08500659481026922,0.23318713450292397,0.07927834939370423,0.11857837816902857,0.027134360555532883,0.4066237367205859,0.008069308907475365,0.10821768624905483,0.07216202574004438,0.4043634520243928,0.0014582991584770671,-0.09180296968768135,0.0014582991584770671,0.8149754484172758,0.0029391331107112436,0.19244456611004654,0.0003832466465918473,0.45201204489460717,0.002025732274842619,0.1860932197520604,0.000572155677050297,0.13428867475544376,0.0005424647177232725,0.4220929505222994,0.00046283382082159196,0.37673533855754043,0.0008308834061834192,0.37094734795182344,0.0016656783951478887,0.7522049164946519,0.0007447226433846548,False
MFCC,5,10,684,0|0|0|0|0|3|0|0,head_only,3,3,True,42|123|2026,1032,30056,18265,9626,10658,3.3333333333333335,1.1547005383792515,0.13627980206927576,0.07970187266387231,0.2185672514619883,0.054024404166382864,0.07151370977405042,0.024802148232557504,0.45861424068253664,0.011359398341688491,0.12667144257431245,0.07590845844423534,0.46076114969888676,0.006400225160088581,-0.035405272013187404,0.006400225160088581,0.9286423456649529,0.012899351669151488,0.17507071813121636,0.004583726329507219,0.4345834473948353,0.005342030960473434,0.16403490546436733,0.0023206220552346546,0.10781061717368637,0.00523264093097169,0.535685244260962,0.009293218880679154,0.4922277241229243,0.008767763327649395,0.4784510083247935,0.008725027743651081,0.8337086382685932,0.004577656209849989,False
MFCC,10,11,699,0|0|0|0|0|8|0|0,bn_head,3,3,True,42|123|2026,1480,30056,18265,9626,10658,1.0,0.0,0.13627980206927576,0.07970187266387231,0.23026315789473684,0.07422382989792445,0.10732250801515812,0.017675569142100514,0.4093079788647122,0.003432437783508534,0.11250024136845177,0.06594915652031282,0.3984425462140226,0.003118476578748983,-0.09772387549805156,0.003118476578748983,0.8030421422698354,0.006285142327826917,0.1962040332147094,0.0003300144414640988,0.4655899260881467,0.0008962882859975384,0.18920977907057276,0.0007296664417794049,0.13715954286338788,0.00019297756518861484,0.42328141615062237,0.001582115452547901,0.3784626210092016,0.0013801595569379545,0.3716036881053936,0.0011176737571558057,0.7472321261024583,0.0011259148057797264,False
MFCC,10,11,699,0|0|0|0|0|8|0|0,bn_head_replay,3,3,True,42|123|2026,1480,30056,18265,9626,10658,11.666666666666666,1.5275252316519468,0.15615159694107061,0.06246859495101546,0.22020917678812416,0.0639317544576824,0.0632025382025382,0.029974512848732298,0.4837624979843298,0.009381342592640575,0.15296644695733133,0.06427986644067875,0.4789476369905947,0.006073029891833956,-0.017218784721479436,0.006073029891833956,0.9652963522560349,0.012239905052176498,0.198759010858655,0.0028670841823821257,0.4701706360069349,0.0012111075844903382,0.18782464159567838,0.005346814557431033,0.13440683831344466,0.0024898582782335887,0.5445987364733846,0.002723116851321737,0.5019522698072837,0.0032815529419465026,0.4845320878461055,0.0022823624420116287,0.8369612810408457,0.0016096965324899064,True
MFCC,10,11,699,0|0|0|0|0|8|0|0,full,3,3,True,42|123|2026,29608,30056,18265,9626,10658,1.0,0.0,0.1337156995051732,0.08227715945391523,0.23026315789473684,0.07422382989792445,0.11247771952490114,0.017159560034048837,0.4036542148577761,0.00364384170800461,0.10918470167971832,0.06825150224848557,0.3961769181124879,0.005720980878132129,-0.09998950359958626,0.005720980878132129,0.7984758757866726,0.011530366884545087,0.19237156674879094,0.002644086343350835,0.4544757733369833,0.0035086712225594536,0.18526213726712376,0.003324870965047491,0.13545273586776604,0.001801955379317943,0.41874648151623195,0.0011756393400395716,0.37404861179613236,0.0007537416197153881,0.3682253023428972,0.001101480046627026,0.7496090573591043,0.0020065071536054576,False
MFCC,10,11,699,0|0|0|0|0|8|0|0,head_only,3,3,True,42|123|2026,1032,30056,18265,9626,10658,4.333333333333333,3.511884584284246,0.13948493027440395,0.0774427565843005,0.21179712100764733,0.055188054145914135,0.04906814412925105,0.044372985271785396,0.45483545962093413,0.014128849814408168,0.12895605454930853,0.07447693852659047,0.46354104925589945,0.017064746178240907,-0.032625372456174674,0.017064746178240907,0.9342451019889709,0.03439319033189956,0.17919518204215712,0.016228315836778195,0.4460443471119628,0.024139572281551756,0.1654546713761341,0.009354486224281523,0.11369796845351231,0.018569274924091956,0.5360918246074936,0.02078316382164027,0.49129363185378927,0.016928745724848773,0.47809583626220953,0.01642425844993844,0.8328642021642585,0.009812059057468734,False
MFCC,20,14,1413,0|0|0|0|0|18|0|0,bn_head,3,3,True,42|123|2026,1480,30056,18265,9626,10658,1.0,0.0,0.4046393409203109,0.014623584308901193,0.5530957211241871,0.06574522591952561,0.20433619777196205,0.02022890242401128,0.350440163709922,0.005926358170526155,0.2859112596195509,0.015056577697921444,0.3407992338712995,0.0026629948933234514,-0.15536718784077466,0.0026629948933234514,0.6868647674611597,0.005367140493172683,0.203376220458071,0.001004072977715397,0.4822702801350488,0.0020922150542661317,0.188655724080615,0.001224789748862618,0.16198842959681195,0.0010829793130349614,0.3717708137862013,0.0007287909049684757,0.31788712913758704,0.0016268798022450156,0.30276154769398345,0.002380813548808132,0.6864327265903547,0.0008179581429050256,False
MFCC,20,14,1413,0|0|0|0|0|18|0|0,bn_head_replay,3,3,True,42|123|2026,1480,30056,18265,9626,10658,6.666666666666667,0.5773502691896257,0.42636527942273855,0.016180038815075046,0.563164041195143,0.09297835422374608,0.12945518778523962,0.004283961382376844,0.4868188622916581,0.001988278115304892,0.4183653106529874,0.01716199336683588,0.4852875897732002,0.003962429758932888,-0.010878831938873937,0.003962429758932888,0.9780742277936999,0.007986090121254279,0.23887215986860116,0.004440115263715378,0.5195182042157132,0.008202201863696681,0.2249809543597202,0.003582662831602619,0.17565663757673106,0.0048913669180838774,0.5549196221930318,0.0021850301463324793,0.508078583686113,0.002777422851417541,0.49230710319121956,0.0047713674465222075,0.8427472321261025,0.0013821467313432122,True
MFCC,20,14,1413,0|0|0|0|0|18|0|0,full,3,3,True,42|123|2026,29608,30056,18265,9626,10658,1.0,0.0,0.4021467023575616,0.012466030603573194,0.5572100438073027,0.05215016635178742,0.20777457110125536,0.01641744180679518,0.3647008507011967,0.008657734665775994,0.29567696966255996,0.01439698220278872,0.344090686502607,0.00278809795981398,-0.15207573520946713,0.00278809795981398,0.6934985348570871,0.005619279817834819,0.1999452504790583,0.0014578184457371358,0.48073729354868144,0.003271407957555129,0.18346145854976106,0.0009910027024900847,0.16501083523092042,0.0007425569076592708,0.36751735785325573,0.0012197410395946638,0.3175531691776842,0.0015027371105924183,0.30305025273265945,0.0021263857634146173,0.684024519922437,0.0003552203881779123,False
MFCC,20,14,1413,0|0|0|0|0|18|0|0,head_only,3,3,True,42|123|2026,1032,30056,18265,9626,10658,1.3333333333333333,0.5773502691896257,0.42762790568536485,0.01694789853080991,0.5293996520670216,0.0025407978283753145,0.13781892757331862,0.006239718159645345,0.46137825840990715,0.0012165333271382684,0.39763353535700197,0.015350358802885176,0.4579111658329983,0.00047762037758037105,-0.038255255879075876,0.00047762037758037105,0.9228983377249268,0.0009626213235718445,0.18160416096359158,0.014193437127175025,0.45885573501231863,0.01781707898703886,0.16919454255834893,0.011293118509054822,0.11253275623980315,0.013866252361692392,0.5339025458184775,0.011101801861890843,0.4910653950286561,0.009612861375120735,0.4761458425886835,0.009151538001997583,0.8329893038093451,0.002164113828986876,False
PCEN,5,10,684,0|0|0|0|0|3|0|0,bn_head,3,3,True,42|123|2026,1480,30056,18265,9626,10658,8.0,8.660254037844387,0.26763382816014397,0.14975106470297636,0.5838394062078273,0.09709787662537314,0.1968644602639613,0.08365121310310823,0.5382823885726672,0.005682988683326674,0.26763382816014397,0.14975106470297636,0.5526964558889071,0.013386800525921791,0.025811685420313313,0.013386800525921791,1.0489892417982727,0.025407453918275185,0.36107309061045717,0.011098363965068105,0.6631261976457706,0.01308639537062716,0.3342336726920147,0.0048285254635194496,0.2710515712740119,0.003994043770301224,0.6739851129042347,0.005329407167414311,0.608554683583474,0.01495059914490983,0.6141050260291583,0.01734738758624676,0.8891912178645149,0.010888290871374991,True
PCEN,5,10,684,0|0|0|0|0|3|0|0,bn_head_replay,3,3,True,42|123|2026,1480,30056,18265,9626,10658,1.0,0.0,0.15895186684660367,0.11290789829169898,0.38665092217723795,0.19847917582056426,0.15896547902025732,0.03976420328965051,0.5937962037521328,0.0012949606273887065,0.15895186684660367,0.11290789829169898,0.5935813080097921,0.002079644093515663,0.06669653754119831,0.002079644093515663,1.1265865731550384,0.003947056757146545,0.23011223651793047,0.0013377269885431879,0.5090062961949082,0.0012909746643910939,0.2116143777269894,0.001350509038022017,0.17272589647410191,0.0005886788637079664,0.7115781572527679,0.0008950452255741673,0.6744244469516149,0.000872343881293529,0.6660670450070248,0.0005042118723468951,0.9079564646275098,0.0007680008230317366,False
PCEN,5,10,684,0|0|0|0|0|3|0|0,full,3,3,True,42|123|2026,29608,30056,18265,9626,10658,2.6666666666666665,0.5773502691896257,0.21739766081871345,0.14197799241038334,0.49778452541610435,0.13927424771296765,0.2214279746848938,0.04577984738065101,0.5371263213624422,0.0036742290155152594,0.21739766081871345,0.14197799241038334,0.5477258638623458,0.007431073519936561,0.02084109339375199,0.007431073519936561,1.0395553156247364,0.014103792586996957,0.35640113149009944,0.01725177589043267,0.6661191714572497,0.022816322302636388,0.330701572131034,0.015637183755386124,0.25805483309514066,0.013956687046243801,0.6710139488334271,0.009718755423499982,0.6091837321043112,0.015983843321893735,0.6058791601398287,0.01474122512830642,0.8931631950960155,0.004858471815633071,False
PCEN,5,10,684,0|0|0|0|0|3|0|0,head_only,3,3,True,42|123|2026,1032,30056,18265,9626,10658,7.0,7.810249675906654,0.18346828609986504,0.11652964309521954,0.2667903733693207,0.1663358417834885,0.03708513708513709,0.03310013818048498,0.5063320909782336,0.037966769402880074,0.17060465800665273,0.09470578052710973,0.5241166084468901,0.029301489602797853,-0.002768162021703676,0.029301489602797853,0.9947461718826267,0.05561270935339071,0.2139611278401314,0.04175493670359326,0.3509079295556164,0.1508764519743848,0.2157351617148002,0.025968072377193535,0.11145452768729308,0.05162235721245244,0.6337962094201539,0.011100083633830164,0.6108262608819763,0.024163437766146035,0.5846157793121491,0.02197026237221819,0.8560705573278289,0.006705130163521446,False
PCEN,10,11,699,0|0|0|0|0|8|0|0,bn_head,3,3,True,42|123|2026,1480,30056,18265,9626,10658,8.0,6.244997998398398,0.27027665317139005,0.16352217239870698,0.5584795321637427,0.10834600586592497,0.19950939544224192,0.0563328287689754,0.5409530316891691,0.00278994412998021,0.27027665317139005,0.16352217239870698,0.5475875960960411,0.012940734953954381,0.020702825627447335,0.012940734953954381,1.0392928905670114,0.024560844570332304,0.3756364631809472,0.020838504863815607,0.6742038507163063,0.020947422380213698,0.351305492070088,0.02009511792368819,0.2805818796463182,0.015960306778304185,0.6705760930756239,0.005700281545912576,0.6030401060212232,0.013567675321994726,0.605589366454668,0.017489875772093474,0.8890661162194283,0.009084363008267742,True
PCEN,10,11,699,0|0|0|0|0|8|0|0,bn_head_replay,3,3,True,42|123|2026,1480,30056,18265,9626,10658,1.0,0.0,0.1567476383265857,0.1195028845854273,0.3770355375618534,0.1980676833129399,0.12463990896239766,0.050447594158882995,0.5958118296581695,0.003223069170115444,0.1567476383265857,0.1195028845854273,0.5946533660859612,9.161592938417369e-05,0.06776859561736741,9.161592938417369e-05,1.128621283847503,0.00017388228796720985,0.23173647230586733,0.0049202530707339286,0.5145907473309609,0.0017622203054400449,0.21116420804764874,0.00469365437353207,0.17485488493126727,0.0020414373753072355,0.711296678551323,0.0007447226433846757,0.6735044811020118,0.0005203472998258983,0.6651682256220305,0.0018487097738686046,0.907299680990805,0.0001876524676299729,False
PCEN,10,11,699,0|0|0|0|0|8|0|0,full,3,3,True,42|123|2026,29608,30056,18265,9626,10658,2.6666666666666665,1.5275252316519468,0.22460638776428252,0.17121811931792041,0.4359649122807018,0.2231886107812195,0.199461928574328,0.07934893042061246,0.5388976402277106,0.022386195098960816,0.2232734040860358,0.1717000203338591,0.5460883677194864,0.014859105153237235,0.01920359725089264,0.014859105153237235,1.0364474327732298,0.02820181183073876,0.3214709371293001,0.07472718637964526,0.6119353955652888,0.11613389091607391,0.30119814391578364,0.06199310394895065,0.22460631592633168,0.05759479815332958,0.6602864827672484,0.0201025488601563,0.6083164021614044,0.03616831958609883,0.5973749685381271,0.0299380893250371,0.8867517357853256,0.01166279334503709,False
PCEN,10,11,699,0|0|0|0|0|8|0|0,head_only,3,3,True,42|123|2026,1032,30056,18265,9626,10658,2.3333333333333335,0.5773502691896257,0.14809941520467837,0.06690259014444205,0.20638776428250113,0.06617109062389578,0.058426848388331294,0.0049904337495137235,0.5320708359280386,0.0033173780951834004,0.14809941520467837,0.06690259014444205,0.5393978785548987,0.0067873377201576246,0.012513108086304939,0.0067873377201576246,1.023749230928,0.012882015386630303,0.1900355871886121,0.002167278994020206,0.2657359248106579,0.005487074816818989,0.20094881917030266,0.0014104447575605124,0.08123581318160936,0.0021227547064885405,0.6309814224057047,0.01701569210505158,0.6242751267706987,0.013268949841717437,0.5957116730314945,0.015351860350164316,0.8591355476324514,0.009754469364953215,False
PCEN,20,14,1413,0|0|0|0|0|18|0|0,bn_head,3,3,True,42|123|2026,1480,30056,18265,9626,10658,1.0,0.0,0.4866229696619786,0.019573970857772557,0.6800552212386688,0.02446270738342919,0.25531553387140654,0.03482193191886394,0.5855965656948092,0.002842492849603868,0.4866229696619786,0.019573970857772557,0.5784512866773193,0.0006160581212746882,0.05156651620872547,0.0006160581212746882,1.0978705764504522,0.001169246400359627,0.29681540286522495,0.004061932354013767,0.5993065060680719,0.005224301686796868,0.2692707251194681,0.0023529506862468587,0.2342112393851205,0.0018198101653532054,0.6845874773253269,0.0008513578275358862,0.6361782954801315,0.0011444437123370745,0.6367019600130085,0.001332131063317593,0.9013260774379183,0.00039062976158123365,True
PCEN,20,14,1413,0|0|0|0|0|18|0|0,bn_head_replay,3,3,True,42|123|2026,1480,30056,18265,9626,10658,2.3333333333333335,2.309401076758503,0.42639781731769083,0.023404979416892305,0.6562175524352646,0.13076867731356753,0.17153635227387581,0.06433111336464245,0.5820435636571419,0.00226401894422558,0.42639781731769083,0.023404979416892305,0.5972125716977407,0.009182997919857364,0.07032780122914688,0.009182997919857364,1.1334785235234635,0.01742885434264934,0.27420385071630626,0.035552314329270876,0.5983575143717492,0.01779814214660139,0.23187201329731977,0.03267552221022444,0.19842867671164732,0.018343322849430008,0.7064802652154876,0.0032668959858183928,0.6581778092147688,0.008813206364567897,0.6495312077029164,0.00834241690061172,0.9096140614249077,0.0009583757706914456,False
PCEN,20,14,1413,0|0|0|0|0|18|0|0,full,3,3,True,42|123|2026,29608,30056,18265,9626,10658,1.0,0.0,0.4763912755083024,0.025606659281099363,0.6651543106340154,0.06969235108886418,0.23046637659977037,0.018113366845393424,0.5489224426691844,0.006003217882910759,0.4763912755083024,0.025606659281099363,0.5603370140124387,0.0037819907146946895,0.03345224354384487,0.0037819907146946895,1.0634906253109073,0.007178022457037598,0.3076558080116799,0.008219785614418725,0.6310064786933114,0.003626027884631387,0.26940923886695756,0.011406745870960584,0.23186596994010697,0.0053759781385552975,0.6746106211296679,0.005751020049060609,0.6208014153003274,0.007730746194542285,0.6178083646045883,0.006401703613904006,0.9020141364858948,0.0011731406351104762,False
PCEN,20,14,1413,0|0|0|0|0|18|0|0,head_only,3,3,True,42|123|2026,1032,30056,18265,9626,10658,4.0,2.6457513110645907,0.46253492451436573,0.016608014460338827,0.5224010950684645,0.021416386508994786,0.11269436450772306,0.014040670474950867,0.5259862876922173,0.006887375051310133,0.4596457212707935,0.015043235504462953,0.5337317234314329,0.00305900745784543,0.006846952962839141,0.00305900745784543,1.0129951620289759,0.005805837688428309,0.2298202390729081,0.03747381077921398,0.3862396204033215,0.10908832544888009,0.22605443590276333,0.02456179185027403,0.11647365702510373,0.03281275388596583,0.659504597485457,0.026781596877823353,0.6194922524075546,0.010588835696663274,0.6100061306952225,0.017747791393160108,0.880402827297179,0.01828103302509367,False
