feature,requested_shots,actual_support_recordings,actual_support_clips,support_shortfall_by_class,policy,seed,selected_epoch,selection_validation_recordings,selection_validation_recording_names,trainable_parameters,total_parameters,batch_normalization_trainable,replay_enabled,selection_birdset_top1,selection_birdset_top3,selection_birdset_supported_macro_f1,selection_xeno_macro_f1,selection_adaptation_score,final_xeno_macro_f1,xeno_macro_f1_change,xeno_macro_f1_retention,common_birdset_heldout_clips,birdset_top1,birdset_top3,birdset_singleton_samples,birdset_singleton_accuracy,birdset_singleton_macro_f1,db3v_recordings,db3v_accuracy,db3v_balanced_accuracy,db3v_macro_f1,db3v_top_3_accuracy
MFCC,5,10,684,0|0|0|0|0|3|0|0,head_only,42,2,3,SSW_057_20170325_100012Z|SSW_180_20170603_220017Z|SSW_285_20170826_220029Z,1032,30056,False,False,0.08461538461538462,0.19230769230769232,0.05384615384615385,0.44550102325047336,0.07597499302514545,0.4535227771501341,-0.04264364456194003,0.9140537475011032,18265,0.16977826444018615,0.428415001368738,9626,0.16143777269894036,0.10184771163087336,10658,0.5249577781947833,0.48211543724860256,0.4683788777519413,0.8284856445862263
MFCC,5,10,684,0|0|0|0|0|3|0|0,head_only,123,4,3,SSW_151_20170513_160021Z|SSW_180_20170603_220017Z|SSW_208_20170617_180021Z,1032,30056,False,False,0.22807017543859648,0.2807017543859649,0.06082725060827251,0.46543272173335876,0.21394297932194675,0.4630890752583301,-0.03307734645374405,0.9333341697336003,18265,0.17777169449767313,0.43766767040788396,9626,0.16590484105547476,0.10994746990477926,10658,0.5412835428785888,0.4977080307341572,0.48368769370005316,0.8356164383561644
MFCC,5,10,684,0|0|0|0|0|3|0|0,head_only,2026,4,3,SSW_057_20170325_100012Z|SSW_161_20170520_140016Z|SSW_180_20170603_220017Z,1032,30056,False,False,0.09615384615384616,0.18269230769230768,0.09986772486772487,0.4649089770637779,0.09009635537584516,0.465671596688196,-0.030494825023878125,0.9385391197601551,18265,0.17766219545578976,0.43766767040788396,9626,0.1647621026386869,0.11163666998540647,10658,0.5408144117095139,0.4968597043860131,0.483286453522386,0.837023831863389
MFCC,5,10,684,0|0|0|0|0|3|0|0,bn_head,42,1,3,SSW_057_20170325_100012Z|SSW_180_20170603_220017Z|SSW_285_20170826_220029Z,1480,30056,True,False,0.08461538461538462,0.19230769230769232,0.08970075256515912,0.40544774113425064,0.06914437385571806,0.40193501836350365,-0.0942314033485705,0.810081055014938,18265,0.1953462907199562,0.46208595674787845,9626,0.18886349470184915,0.1358329388788256,10658,0.4263464064552449,0.38173337349401726,0.37478214020642064,0.7495777819478326
MFCC,5,10,684,0|0|0|0|0|3|0|0,bn_head,123,1,3,SSW_151_20170513_160021Z|SSW_180_20170603_220017Z|SSW_208_20170617_180021Z,1480,30056,True,False,0.22807017543859648,0.3157894736842105,0.12736500598934208,0.4080357831683451,0.18755963438902934,0.40155498338140405,-0.0946114383306701,0.8093151124491589,18265,0.19583903640843142,0.4631261976457706,9626,0.18907126532308333,0.13600726527928092,10658,0.4270970163257647,0.3824693108074645,0.37545207613466347,0.7498592606492775
MFCC,5,10,684,0|0|0|0|0|3|0|0,bn_head,2026,1,3,SSW_057_20170325_100012Z|SSW_161_20170520_140016Z|SSW_180_20170603_220017Z,1480,30056,True,False,0.09615384615384616,0.18269230769230768,0.10391895446973927,0.409290906178096,0.07931793265860021,0.4055828186214032,-0.09058360309067093,0.8174330242298486,18265,0.19704352586914864,0.46526142896249656,9626,0.1905256596717224,0.13685756122371348,10658,0.42578344905235505,0.3812844433255075,0.3744707421301695,0.7492963032463877
MFCC,5,10,684,0|0|0|0|0|3|0|0,bn_head_replay,42,7,3,SSW_057_20170325_100012Z|SSW_180_20170603_220017Z|SSW_285_20170826_220029Z,1480,30056,True,True,0.11538461538461539,0.18461538461538463,0.06451612903225805,0.47364283910552407,0.11014670567848756,0.47930530185693765,-0.016861119855136497,0.9660172089095521,18265,0.19419655078018067,0.4566110046537093,9626,0.18896738001246624,0.1285338875797098,10658,0.5353724901482454,0.49455666415473776,0.4790899319186147,0.8360855695252393
MFCC,5,10,684,0|0|0|0|0|3|0|0,bn_head_replay,123,10,3,SSW_151_20170513_160021Z|SSW_180_20170603_220017Z|SSW_208_20170617_180021Z,1480,30056,True,True,0.22807017543859648,0.2719298245614035,0.07062146892655367,0.4909967181991364,0.22569384536955878,0.48789664115856546,-0.008269780553508688,0.9833326476931411,18265,0.20492745688475225,0.46964139063783195,9626,0.19717431955121545,0.13152639169297017,10658,0.5460686808031525,0.5057366742020444,0.48751702818291215,0.8420904484893976
MFCC,5,10,684,0|0|0|0|0|3|0|0,bn_head_replay,2026,15,3,SSW_057_20170325_100012Z|SSW_161_20170520_140016Z|SSW_180_20170603_220017Z,1480,30056,True,True,0.11538461538461539,0.17307692307692307,0.0,0.4802288190935585,0.11167829011184752,0.4851019098163224,-0.01106451189575175,0.9776999986061683,18265,0.2026827265261429,0.4855735012318642,9626,0.18740910035321007,0.13944798829582042,10658,0.5485081628823419,0.5032003654728838,0.48682307006641035,0.8362732219928692
MFCC,5,10,684,0|0|0|0|0|3|0|0,full,42,1,3,SSW_057_20170325_100012Z|SSW_180_20170603_220017Z|SSW_285_20170826_220029Z,29608,30056,True,False,0.06923076923076923,0.19230769230769232,0.0922476965144297,0.40630012144631567,0.05669160329153909,0.40277660475145705,-0.0933898169606171,0.811777232650356,18265,0.19217081850533807,0.452395291541199,9626,0.18543527945148555,0.13383180782943932,10658,0.422405704635016,0.3773789974454376,0.3723460319229153,0.7530493525989866
MFCC,5,10,684,0|0|0|0|0|3|0|0,full,123,1,3,SSW_151_20170513_160021Z|SSW_180_20170603_220017Z|SSW_208_20170617_180021Z,29608,30056,True,False,0.22807017543859648,0.32456140350877194,0.14645068759834748,0.4148499848907,0.19069188218792074,0.4056448031502453,-0.09052161856182883,0.8175579511215723,18265,0.19288256227758008,0.453818779085683,9626,0.18637024724703927,0.13488821794469555,10658,0.422311878401201,0.3770296622290543,0.3713913549409219,0.751923437793207
MFCC,5,10,684,0|0|0|0|0|3|0|0,full,2026,1,3,SSW_057_20170325_100012Z|SSW_161_20170520_140016Z|SSW_180_20170603_220017Z,29608,30056,True,False,0.09615384615384616,0.18269230769230768,0.11703675039430851,0.3987211038247419,0.07726957326770464,0.40466894817147603,-0.09149747354059812,0.8155911614798992,18265,0.19228031754722147,0.4498220640569395,9626,0.18647413255765635,0.1341459984921964,10658,0.42156126853068115,0.3757973559981293,0.3691046569916331,0.751641959091762
MFCC,10,11,699,0|0|0|0|0|8|0|0,head_only,42,1,3,SSW_057_20170325_100012Z|SSW_180_20170603_220017Z|SSW_285_20170826_220029Z,1032,30056,False,False,0.08461538461538462,0.2,0.08637718177948063,0.438769679441629,0.0748270410065498,0.4450215089709,-0.051144912741174164,0.8969198428126327,18265,0.1634820695318916,0.42496578154941145,9626,0.1559318512362352,0.09676691209766093,10658,0.5133233252017264,0.47245019999238924,0.45995898366151283,0.8218239819853631
MFCC,10,11,699,0|0|0|0|0|8|0|0,head_only,123,4,3,SSW_151_20170513_160021Z|SSW_180_20170603_220017Z|SSW_208_20170617_180021Z,1032,30056,False,False,0.22807017543859648,0.2719298245614035,0.06082725060827251,0.4653264846744945,0.21389414589914146,0.4669719659217712,-0.029194455790302942,0.9411599525627623,18265,0.17820969066520667,0.44078839310156037,9626,0.16580095574485768,0.11076953028021734,10658,0.540908237943329,0.4962124333304755,0.48236351273197675,0.8361793957590542
MFCC,10,11,699,0|0|0|0|0|8|0|0,head_only,2026,8,3,SSW_057_20170325_100012Z|SSW_161_20170520_140016Z|SSW_180_20170603_220017Z,1032,30056,False,False,0.10576923076923077,0.16346153846153846,0.0,0.4604102147466789,0.09814697674223434,0.4786296728750272,-0.017536748837046923,0.9646555105915178,18265,0.19589378592937312,0.4723788666849165,9626,0.17463120714730937,0.13355746298265866,10658,0.5540439106774254,0.5052182622385031,0.49196501239313906,0.8405892287483581
MFCC,10,11,699,0|0|0|0|0|8|0|0,bn_head,42,1,3,SSW_057_20170325_100012Z|SSW_180_20170603_220017Z|SSW_285_20170826_220029Z,1480,30056,True,False,0.08461538461538462,0.19230769230769232,0.09268075548485279,0.405632788005993,0.06917593143708425,0.3949648478130373,-0.10120157389903683,0.7960330053173889,18265,0.19655078018067343,0.46537092800437996,9626,0.18990234780801996,0.13724972888601103,10658,0.4214674422968662,0.37695928667628203,0.37057740092062263,0.7461062112966785
MFCC,10,11,699,0|0|0|0|0|8|0|0,bn_head,123,1,3,SSW_151_20170513_160021Z|SSW_180_20170603_220017Z|SSW_208_20170617_180021Z,1480,30056,True,False,0.22807017543859648,0.3157894736842105,0.12695760600269945,0.40986052244622795,0.18839840257048027,0.39937262687776054,-0.0967937948343136,0.8049166759404708,18265,0.19589378592937312,0.464823432794963,9626,0.18844795345938084,0.13693798398665558,10658,0.4243760555451304,0.37967236002068805,0.37279450830812944,0.7472321261024583
MFCC,10,11,699,0|0|0|0|0|8|0|0,bn_head,2026,1,3,SSW_057_20170325_100012Z|SSW_161_20170520_140016Z|SSW_180_20170603_220017Z,1480,30056,True,False,0.09615384615384616,0.18269230769230768,0.10232916255792211,0.4124306261419157,0.07992639009779078,0.4009901639512699,-0.09517625776080424,0.8081767455516465,18265,0.1961675335340816,0.4665754174650972,9626,0.18927903594431747,0.13729091571749705,10658,0.4240007506098705,0.3787562163306347,0.37143915508742875,0.748358040908238
MFCC,10,11,699,0|0|0|0|0|8|0|0,bn_head_replay,42,10,3,SSW_057_20170325_100012Z|SSW_180_20170603_220017Z|SSW_285_20170826_220029Z,1480,30056,True,True,0.11538461538461539,0.2076923076923077,0.050505050505050504,0.481830331059227,0.11205072531525141,0.47435572736279646,-0.02181069434927768,0.9560415751754873,18265,0.20060224473035862,0.47144812482890774,9626,0.19270725119468107,0.13195189896884524,10658,0.5473822480765622,0.5050505530276916,0.48715905345443056,0.8384312253706137
MFCC,10,11,699,0|0|0|0|0|8|0|0,bn_head_replay,123,13,3,SSW_151_20170513_160021Z|SSW_180_20170603_220017Z|SSW_208_20170617_180021Z,1480,30056,True,True,0.22807017543859648,0.2894736842105263,0.09743589743589744,0.4939594880692367,0.22705572600978088,0.47665366080885685,-0.019512760903217297,0.9606729515554752,18265,0.19545578976183958,0.4690391459074733,9626,0.18211094951173903,0.1343384110544872,10658,0.5419403265152937,0.498513929815384,0.4830356649254747,0.8352411334209044
MFCC,10,11,699,0|0|0|0|0|8|0|0,bn_head_replay,2026,12,3,SSW_057_20170325_100012Z|SSW_161_20170520_140016Z|SSW_180_20170603_220017Z,1480,30056,True,True,0.125,0.16346153846153846,0.041666666666666664,0.4754976748245257,0.1197928895469617,0.4858335228001308,-0.010332898911943333,0.9791745300371424,18265,0.20021899808376678,0.4700246372844238,9626,0.188655724080615,0.1369302049170015,10658,0.544473634828298,0.5022923265787753,0.4834015451584114,0.837211484331019
MFCC,10,11,699,0|0|0|0|0|8|0|0,full,42,1,3,SSW_057_20170325_100012Z|SSW_180_20170603_220017Z|SSW_285_20170826_220029Z,29608,30056,True,False,0.07692307692307693,0.19230769230769232,0.09465025900953933,0.4014873094974164,0.06224451684082476,0.39001461532355197,-0.10615180638852217,0.7860560454247705,18265,0.19540104024089788,0.4584724883657268,9626,0.18907126532308333,0.13739434390258137,10658,0.4176205667104522,0.37317878051219144,0.3669581618734953,0.7474197785700882
MFCC,10,11,699,0|0|0|0|0|8|0|0,full,123,1,3,SSW_151_20170513_160021Z|SSW_180_20170603_220017Z|SSW_208_20170617_180021Z,29608,30056,True,False,0.22807017543859648,0.3157894736842105,0.12888055782306576,0.4078611228781885,0.18747934922406248,0.397196725173503,-0.09896969653857113,0.8005312487752279,18265,0.19052833287708731,0.45190254585272377,9626,0.18294203199667566,0.13512974499348554,10658,0.41865265528241696,0.3745094423449997,0.36876387486067624,0.7500469131169075
MFCC,10,11,699,0|0|0|0|0|8|0|0,full,2026,1,3,SSW_057_20170325_100012Z|SSW_161_20170520_140016Z|SSW_180_20170603_220017Z,29608,30056,True,False,0.09615384615384616,0.18269230769230768,0.11390234174209835,0.40161421219772336,0.0778302389742677,0.40131941384040865,-0.0948470078716655,0.8088403331600192,18265,0.19118532712838762,0.45305228579249934,9626,0.1837731144816123,0.13383411870723122,10658,0.4199662225558266,0.37445761253120585,0.3689538702945201,0.7513604803903171
MFCC,20,14,1413,0|0|0|0|0|18|0|0,head_only,42,1,3,SSW_057_20170325_100012Z|SSW_151_20170513_160021Z|SSW_190_20170610_140010Z,1032,30056,False,False,0.43911439114391143,0.5313653136531366,0.13462663665258703,0.45999903778365164,0.40710573824435375,0.4577514875996349,-0.038414934112439236,0.9225765137836525,18265,0.1727347385710375,0.4461538461538462,9626,0.16206108456264284,0.10396583163858845,10658,0.5253330831300431,0.483889678983445,0.46910931096553765,0.8307374741977857
MFCC,20,14,1413,0|0|0|0|0|18|0|0,head_only,123,2,3,SSW_151_20170513_160021Z|SSW_190_20170610_140010Z|SSW_221_20170701_140009Z,1032,30056,False,False,0.4356060606060606,0.5303030303030303,0.13382123341139732,0.46229866340261316,0.4058720839942703,0.4575338415528266,-0.03863258015924753,0.922137858450917,18265,0.19797426772515742,0.479222556802628,9626,0.18221483482235612,0.12853068851202964,10658,0.5464439857384125,0.5019873466043985,0.48649170423183263,0.8350534809532746
MFCC,20,14,1413,0|0|0|0|0|18|0|0,head_only,2026,1,3,SSW_057_20170325_100012Z|SSW_190_20170610_140010Z|SSW_285_20170826_220029Z,1032,30056,False,False,0.40816326530612246,0.5265306122448979,0.1450089126559715,0.46183707404345664,0.37992278383238176,0.4584481683465333,-0.037718253365540855,0.923980640940211,18265,0.1741034765945798,0.4511908020804818,9626,0.1633077082900478,0.10510174856879136,10658,0.529930568586977,0.4873191594981249,0.4728365125686801,0.8331769562769751
MFCC,20,14,1413,0|0|0|0|0|18|0|0,bn_head,42,1,3,SSW_057_20170325_100012Z|SSW_151_20170513_160021Z|SSW_190_20170610_140010Z,1480,30056,True,False,0.4132841328413284,0.5202952029520295,0.1944291417692584,0.35426014541616935,0.29508263879155927,0.3438238243485982,-0.15234259736347594,0.6929606867836766,18265,0.20224473035860938,0.47987955105392827,9626,0.18730521504259298,0.16093677333033746,10658,0.3715518859072997,0.3181953339029576,0.30349759389207576,0.6858697691874648
MFCC,20,14,1413,0|0|0|0|0|18|0|0,bn_head,123,1,3,SSW_151_20170513_160021Z|SSW_190_20170610_140010Z|SSW_221_20170701_140009Z,1480,30056,True,False,0.4128787878787879,0.6287878787878788,0.2276090099923995,0.35344723763045277,0.2941167734576184,0.3388069062010976,-0.15735951551097654,0.6828493250954164,18265,0.20372296742403503,0.4831645223104298,9626,0.18896738001246624,0.1619282897144115,10658,0.37117658097203976,0.31612819179207696,0.3000996304932199,0.6860574216550948
MFCC,20,14,1413,0|0|0|0|0|18|0|0,bn_head,2026,1,3,SSW_057_20170325_100012Z|SSW_190_20170610_140010Z|SSW_285_20170826_220029Z,1480,30056,True,False,0.3877551020408163,0.5102040816326531,0.19097044155422824,0.3436131080831438,0.268534366609475,0.33976697106420267,-0.15639945064787147,0.6847842905043859,18265,0.20416096359156857,0.4837667670407884,9626,0.18969457718678578,0.1631002257456869,10658,0.3725839744792644,0.3193378617177266,0.30468741869665467,0.6873709889285045
MFCC,20,14,1413,0|0|0|0|0|18|0|0,bn_head_replay,42,7,3,SSW_057_20170325_100012Z|SSW_151_20170513_160021Z|SSW_190_20170610_140010Z,1480,30056,True,True,0.43911439114391143,0.5129151291512916,0.12461059190031153,0.4868957593370118,0.4309097221333015,0.48699626809586977,-0.00917015361620438,0.9815179882899737,18265,0.24396386531617847,0.5289351218176841,9626,0.22885933928942448,0.17759730056755058,10658,0.5574216550947645,0.5112774676235439,0.4973722321768842,0.844248451867142
MFCC,20,14,1413,0|0|0|0|0|18|0|0,bn_head_replay,123,6,3,SSW_151_20170513_160021Z|SSW_190_20170610_140010Z|SSW_221_20170701_140009Z,1480,30056,True,True,0.4318181818181818,0.6704545454545454,0.13274336283185842,0.4887675763182239,0.42537889889673436,0.48810900405663105,-0.0080574176554431,0.9837606550889918,18265,0.23580618669586642,0.5139337530796606,9626,0.22428838562227302,0.17009274094143562,10658,0.5533871270407206,0.5066777213279108,0.48789722716892103,0.8415274910865078
MFCC,20,14,1413,0|0|0|0|0|18|0|0,bn_head_replay,2026,7,3,SSW_057_20170325_100012Z|SSW_190_20170610_140010Z|SSW_285_20170826_220029Z,1480,30056,True,True,0.40816326530612246,0.5061224489795918,0.13101160862354894,0.4847932512197387,0.39880731092892624,0.4807574971670998,-0.015408924544974334,0.9689440400021343,18265,0.23684642759375857,0.5156857377497946,9626,0.22179513816746313,0.17927987122120698,10658,0.5539500844436104,0.5062805621068844,0.4916518502278534,0.8424657534246576
MFCC,20,14,1413,0|0|0|0|0|18|0|0,full,42,1,3,SSW_057_20170325_100012Z|SSW_151_20170513_160021Z|SSW_190_20170610_140010Z,29608,30056,True,False,0.4095940959409594,0.5276752767527675,0.19697606681060445,0.37466978152117786,0.3092964854595059,0.3417311204765346,-0.15443530123553956,0.6887429409216279,18265,0.19841226389269093,0.4810840405146455,9626,0.18439642634531478,0.16418923836386676,10658,0.36892475136048036,0.31928603045418225,0.3050992850602306,0.6841808969787952
MFCC,20,14,1413,0|0|0|0|0|18|0|0,full,123,1,3,SSW_151_20170513_160021Z|SSW_190_20170610_140010Z|SSW_221_20170701_140009Z,29608,30056,True,False,0.4090909090909091,0.6174242424242424,0.22666740039621394,0.3603657567356057,0.29712279706374745,0.34337367581047323,-0.1527927459016009,0.6920534336556401,18265,0.2013139885026006,0.48382151656173006,9626,0.18356534386037815,0.16520920790765634,10658,0.36686057421655094,0.3166085549678749,0.3008541494806561,0.6842747232126103
MFCC,20,14,1413,0|0|0|0|0|18|0|0,full,2026,1,3,SSW_057_20170325_100012Z|SSW_190_20170610_140010Z|SSW_285_20170826_220029Z,29608,30056,True,False,0.3877551020408163,0.5265306122448979,0.19968024609694765,0.3590670138468065,0.2806116264644265,0.3471672632208132,-0.14899915849126094,0.6996992299939933,18265,0.20010949904188338,0.4773063235696688,9626,0.18242260544359026,0.16563405942123818,10658,0.36676674798273595,0.3167649221109956,0.3031973236570917,0.6836179395759054
LogMel,5,10,684,0|0|0|0|0|3|0|0,head_only,42,1,3,SSW_057_20170325_100012Z|SSW_180_20170603_220017Z|SSW_285_20170826_220029Z,1032,30056,False,False,0.17692307692307693,0.5692307692307692,0.1876167291882832,0.5641057512783043,0.15702540287611289,0.5622872023958508,-0.07329992808202856,0.8846736748320935,18265,0.17043525869148646,0.4081029290993704,9626,0.17099522127571162,0.09366601352561914,10658,0.6268530681178458,0.6256343650662184,0.606227069238964,0.8899418277350347
LogMel,5,10,684,0|0|0|0|0|3|0|0,head_only,123,6,3,SSW_151_20170513_160021Z|SSW_180_20170603_220017Z|SSW_208_20170617_180021Z,1032,30056,False,False,0.21929824561403508,0.2807017543859649,0.07374631268436578,0.5913556646355258,0.2040369503564168,0.5977986971681739,-0.037788433309705494,0.9405456286043843,18265,0.18182315904735832,0.4431973720229948,9626,0.17224184500311657,0.11069798171682278,10658,0.6857759429536499,0.6805983719631952,0.6450313515876603,0.9079564646275099
LogMel,5,10,684,0|0|0|0|0|3|0|0,head_only,2026,1,3,SSW_057_20170325_100012Z|SSW_161_20170520_140016Z|SSW_180_20170603_220017Z,1032,30056,False,False,0.16346153846153846,0.6346153846153846,0.2535448905990823,0.5641057512783043,0.1450778178746695,0.5677478312972286,-0.06783929918065079,0.893265146621763,18265,0.17038050917054476,0.407993430057487,9626,0.17078745065447745,0.0941305757183895,10658,0.6261024582473259,0.6246549941372102,0.6053708316032069,0.8892850440983299
LogMel,5,10,684,0|0|0|0|0|3|0|0,bn_head,42,1,3,SSW_057_20170325_100012Z|SSW_180_20170603_220017Z|SSW_285_20170826_220029Z,1480,30056,True,False,0.13076923076923078,0.46923076923076923,0.18437803430790808,0.49345194523819313,0.10152554733426106,0.4882874327586395,-0.1472996977192399,0.7682462550673587,18265,0.16030659731727348,0.3984670134136326,9626,0.14356949927280283,0.10666270479108275,10658,0.548132857947082,0.5496625394275474,0.5332837980150091,0.8477200225182961
LogMel,5,10,684,0|0|0|0|0|3|0|0,bn_head,123,1,3,SSW_151_20170513_160021Z|SSW_180_20170603_220017Z|SSW_208_20170617_180021Z,1480,30056,True,False,0.20175438596491227,0.30701754385964913,0.12313105071498355,0.5000673781126102,0.1587363588314578,0.48602644570379416,-0.14956068477408524,0.7646889346836917,18265,0.16068984396386532,0.3992335067068163,9626,0.143777269894037,0.10697902110301367,10658,0.5508538187277162,0.5515487254395159,0.5354167531553553,0.8501595045974855
LogMel,5,10,684,0|0|0|0|0|3|0|0,bn_head,2026,1,3,SSW_057_20170325_100012Z|SSW_161_20170520_140016Z|SSW_180_20170603_220017Z,1480,30056,True,False,0.15384615384615385,0.49038461538461536,0.2402608355170025,0.4890968714308662,0.11838765909443533,0.4887713303576811,-0.1468158001201983,0.7690075945845352,18265,0.16134683821516563,0.39912400766493294,9626,0.14502389362144194,0.10680112121323312,10658,0.5459748545693376,0.5468566960981788,0.5314521397681788,0.8467817601801464
LogMel,5,10,684,0|0|0|0|0|3|0|0,bn_head_replay,42,1,3,SSW_057_20170325_100012Z|SSW_180_20170603_220017Z|SSW_285_20170826_220029Z,1480,30056,True,True,0.2,0.5461538461538461,0.1690772621005179,0.5545855520116219,0.17451125909193446,0.5586109870143355,-0.07697614346354387,0.8788897072134425,18265,0.1913495756912127,0.459676977826444,9626,0.17618948680656554,0.12029806993959179,10658,0.6155000938262338,0.6164917893202866,0.5872427518648063,0.8876899981234754
LogMel,5,10,684,0|0|0|0|0|3|0|0,bn_head_replay,123,5,3,SSW_151_20170513_160021Z|SSW_180_20170603_220017Z|SSW_208_20170617_180021Z,1480,30056,True,True,0.22807017543859648,0.35964912280701755,0.06944444444444445,0.5714344973437171,0.20505003926504703,0.5681793162265447,-0.06740781425133469,0.8939440227484582,18265,0.22808650424308788,0.5224199288256228,9626,0.19561603989195928,0.16033474114558,10658,0.655188590729968,0.6480827880592995,0.6121437702534462,0.9008256708575718
LogMel,5,10,684,0|0|0|0|0|3|0|0,bn_head_replay,2026,1,3,SSW_057_20170325_100012Z|SSW_161_20170520_140016Z|SSW_180_20170603_220017Z,1480,30056,True,True,0.19230769230769232,0.625,0.1981785063752277,0.5502585982418443,0.16649009416032778,0.556256257186841,-0.07933087329103838,0.8751848967876492,18265,0.18976183958390364,0.45606350944429236,9626,0.17504674838977768,0.11886833249602562,10658,0.6128729592794145,0.6152105437461828,0.5846630005091737,0.885250516044286
LogMel,5,10,684,0|0|0|0|0|3|0|0,full,42,1,3,SSW_057_20170325_100012Z|SSW_180_20170603_220017Z|SSW_285_20170826_220029Z,29608,30056,True,False,0.14615384615384616,0.5230769230769231,0.20667529479436295,0.49748692820993046,0.11439757742494792,0.4915174171356732,-0.1440697133422062,0.7733281458454259,18265,0.15696687653983027,0.40552970161511087,9626,0.13619364221899025,0.10521107863843752,10658,0.5463501595045975,0.5457267659040779,0.5305219669092294,0.8495027209607806
LogMel,5,10,684,0|0|0|0|0|3|0|0,full,123,1,3,SSW_151_20170513_160021Z|SSW_180_20170603_220017Z|SSW_208_20170617_180021Z,29608,30056,True,False,0.20175438596491227,0.3157894736842105,0.13823922053579707,0.5042153106267447,0.16005303680884844,0.4974234059828321,-0.13816372449504732,0.7826203239968593,18265,0.1574596222283055,0.40421571311251026,9626,0.13370039476418036,0.10592178263137474,10658,0.5462563332707825,0.5456799496286937,0.5316842864953496,0.8495027209607806
LogMel,5,10,684,0|0|0|0|0|3|0|0,full,2026,1,3,SSW_057_20170325_100012Z|SSW_161_20170520_140016Z|SSW_180_20170603_220017Z,29608,30056,True,False,0.15384615384615385,0.5673076923076923,0.2772782570227826,0.4815559322379298,0.11656234760590865,0.498255149514899,-0.13733198096298038,0.7839289463590547,18265,0.1588283602518478,0.4045442102381604,9626,0.13795969249948056,0.10889810576523676,10658,0.5498217301557515,0.5501333888148802,0.5345644416099313,0.8522236817414149
LogMel,10,11,699,0|0|0|0|0|8|0|0,head_only,42,1,3,SSW_057_20170325_100012Z|SSW_180_20170603_220017Z|SSW_285_20170826_220029Z,1032,30056,False,False,0.17692307692307693,0.5692307692307692,0.1880161482151532,0.5583615209190917,0.15542642948446675,0.5654460475607518,-0.07014108291712762,0.889643638843992,18265,0.17054475773336983,0.40826717766219545,9626,0.1705796800332433,0.09413185599534861,10658,0.6275098517545505,0.6265656163140054,0.6063480024880323,0.8899418277350347
LogMel,10,11,699,0|0|0|0|0|8|0|0,head_only,123,6,3,SSW_151_20170513_160021Z|SSW_180_20170603_220017Z|SSW_208_20170617_180021Z,1032,30056,False,False,0.21929824561403508,0.2719298245614035,0.0744047619047619,0.5855862882558802,0.20204632773730863,0.5925294789509414,-0.04305765152693797,0.9322553125099242,18265,0.1822064056939502,0.44483985765124556,9626,0.17328069810928734,0.11151525832586184,10658,0.6869956839932445,0.6814403408448895,0.6462032265098746,0.9079564646275099
LogMel,10,11,699,0|0|0|0|0|8|0|0,head_only,2026,1,3,SSW_057_20170325_100012Z|SSW_161_20170520_140016Z|SSW_180_20170603_220017Z,1032,30056,False,False,0.16346153846153846,0.6346153846153846,0.25399787707420046,0.5641057512783043,0.1450778178746695,0.5639309608729894,-0.07165616960488996,0.8872598796155394,18265,0.1702710101286614,0.40739118532712837,9626,0.17089133596509454,0.09382459039468634,10658,0.6305122912366298,0.6286452128570363,0.6092278833073146,0.8909739163069994
LogMel,10,11,699,0|0|0|0|0|8|0|0,bn_head,42,1,3,SSW_057_20170325_100012Z|SSW_180_20170603_220017Z|SSW_285_20170826_220029Z,1480,30056,True,False,0.13076923076923078,0.46923076923076923,0.18352551938889697,0.49313591479237817,0.10146052547287156,0.4796762599388691,-0.15591087053901032,0.7546978800187703,18265,0.15849986312619765,0.39627703257596497,9626,0.14253064616663202,0.10623179323823542,10658,0.5412835428785888,0.5425790055320543,0.5275751832106108,0.8445299305685869
LogMel,10,11,699,0|0|0|0|0|8|0|0,bn_head,123,1,3,SSW_151_20170513_160021Z|SSW_180_20170603_220017Z|SSW_208_20170617_180021Z,1480,30056,True,False,0.20175438596491227,0.30701754385964913,0.11523631387287829,0.5004597967798114,0.1588609242662281,0.4853058628395982,-0.1502812676382812,0.7635552067813439,18265,0.15713112510265534,0.3966055297016151,9626,0.13993351340120508,0.10605566616952541,10658,0.5482266841808969,0.5493744939832755,0.5336082094516674,0.8469694126477764
LogMel,10,11,699,0|0|0|0|0|8|0|0,bn_head,2026,1,3,SSW_057_20170325_100012Z|SSW_161_20170520_140016Z|SSW_180_20170603_220017Z,1480,30056,True,False,0.17307692307692307,0.5,0.24860909082266147,0.48852116605684276,0.13302934597731228,0.48776540418578357,-0.14782172629209583,0.7674249222432289,18265,0.1589378592937312,0.399288256227758,9626,0.14180344899231248,0.10680448997853342,10658,0.5474760743103771,0.5496777556831118,0.533182634880991,0.8473447175830362
LogMel,10,11,699,0|0|0|0|0|8|0|0,bn_head_replay,42,1,3,SSW_057_20170325_100012Z|SSW_180_20170603_220017Z|SSW_285_20170826_220029Z,1480,30056,True,True,0.2,0.5615384615384615,0.16603740040516327,0.5521009133793768,0.17372941864454314,0.5567169996804898,-0.07887013079738958,0.8759098052566145,18265,0.19167807281686286,0.46027922255680265,9626,0.1759817161853314,0.12089703000349127,10658,0.6160630512291236,0.6155507881319788,0.585085197411412,0.8879714768249203
LogMel,10,11,699,0|0|0|0|0|8|0|0,bn_head_replay,123,6,3,SSW_151_20170513_160021Z|SSW_180_20170603_220017Z|SSW_208_20170617_180021Z,1480,30056,True,True,0.22807017543859648,0.35964912280701755,0.07547169811320754,0.5782217831738322,0.2074855471534185,0.5758444803041728,-0.05974265017370661,0.9060039964484683,18265,0.2271557623870791,0.5269641390637831,9626,0.19291502181591522,0.1662232146262375,10658,0.6578157252767874,0.6492425086246574,0.612533065636109,0.9017639331957216
LogMel,10,11,699,0|0|0|0|0|8|0|0,bn_head_replay,2026,1,3,SSW_057_20170325_100012Z|SSW_161_20170520_140016Z|SSW_180_20170603_220017Z,1480,30056,True,True,0.20192307692307693,0.6153846153846154,0.19384603122049318,0.5585149164103885,0.1774375927722561,0.5507803162398359,-0.08480681423804348,0.8665693338153658,18265,0.19277306323569668,0.46339994525047906,9626,0.17702056929150217,0.12253464011428143,10658,0.6134359166823043,0.6132280402530175,0.5822545833121534,0.8870332144867705
LogMel,10,11,699,0|0|0|0|0|8|0|0,full,42,1,3,SSW_057_20170325_100012Z|SSW_180_20170603_220017Z|SSW_285_20170826_220029Z,29608,30056,True,False,0.13076923076923078,0.5384615384615384,0.20866889954581205,0.48039248597157885,0.09883862156017682,0.4825701759890367,-0.15301695448884273,0.7592510182297213,18265,0.15603613468382152,0.40005474952094167,9626,0.135881986287139,0.10743832454745668,10658,0.5357477950835053,0.5378853350272187,0.5230024979913529,0.844436104334772
LogMel,10,11,699,0|0|0|0|0|8|0|0,full,123,1,3,SSW_151_20170513_160021Z|SSW_180_20170603_220017Z|SSW_208_20170617_180021Z,29608,30056,True,False,0.20175438596491227,0.32456140350877194,0.1554285425414609,0.499743036770092,0.1586334031779134,0.4908862473345181,-0.14470088314336133,0.7723350958434841,18265,0.15450314809745413,0.40208048179578426,9626,0.13266154165800956,0.10616483501348647,10658,0.544567461062113,0.5435537694335473,0.5289588367928771,0.8491274160255208
LogMel,10,11,699,0|0|0|0|0|8|0|0,full,2026,1,3,SSW_057_20170325_100012Z|SSW_161_20170520_140016Z|SSW_180_20170603_220017Z,29608,30056,True,False,0.17307692307692307,0.6057692307692307,0.24395141895141892,0.48951694524139977,0.13330050690720333,0.5001080542081482,-0.1354790762697312,0.7868442110086961,18265,0.16189433342458254,0.4087599233506707,9626,0.13993351340120508,0.11140159343380153,10658,0.5494464252204917,0.5489233364635963,0.5337471310174491,0.8526928129104898
LogMel,20,14,1413,0|0|0|0|0|18|0|0,head_only,42,3,3,SSW_057_20170325_100012Z|SSW_151_20170513_160021Z|SSW_190_20170610_140010Z,1032,30056,False,False,0.45387453874538747,0.6457564575645757,0.14696016771488468,0.5840762776892237,0.41709049541169957,0.5865326142276911,-0.04905451625018831,0.9228201549434998,18265,0.19222556802627977,0.4664111689022721,9626,0.17722833991273634,0.11159869227208487,10658,0.6793957590542316,0.6680240746801684,0.6439160459766645,0.9083317695627697
LogMel,20,14,1413,0|0|0|0|0|18|0|0,head_only,123,3,3,SSW_151_20170513_160021Z|SSW_190_20170610_140010Z|SSW_221_20170701_140009Z,1032,30056,False,False,0.4356060606060606,0.5189393939393939,0.14482758620689656,0.5822608290273933,0.3990583412020001,0.5838197883862642,-0.051767342091615154,0.9185519347242088,18265,0.1914590747330961,0.4659731727347386,9626,0.17712445460211926,0.10920823907636253,10658,0.6805216738600113,0.6700786807560675,0.642719471717152,0.9079564646275099
LogMel,20,14,1413,0|0|0|0|0|18|0|0,head_only,2026,1,3,SSW_057_20170325_100012Z|SSW_190_20170610_140010Z|SSW_285_20170826_220029Z,1032,30056,False,False,0.45714285714285713,0.7020408163265306,0.19392897341070883,0.5545647110523395,0.3988678881689419,0.5638284322263943,-0.07175869825148506,0.8870985663326257,18265,0.1760744593484807,0.42502053107035315,9626,0.17369623935175565,0.09764553401230104,10658,0.651998498780259,0.6451031717343405,0.6252213447385794,0.8991367986489023
LogMel,20,14,1413,0|0|0|0|0|18|0|0,bn_head,42,1,3,SSW_057_20170325_100012Z|SSW_151_20170513_160021Z|SSW_190_20170610_140010Z,1480,30056,True,False,0.45018450184501846,0.6014760147601476,0.21042330562454395,0.479945565684439,0.33994403763009257,0.4455022139205961,-0.19008491655728332,0.7009301991146926,18265,0.1500684369011771,0.4120996441281139,9626,0.13131103261998753,0.1192307038759076,10658,0.544285982360668,0.541799063612715,0.5187633944259316,0.83364608744605
LogMel,20,14,1413,0|0|0|0|0|18|0|0,bn_head,123,1,3,SSW_151_20170513_160021Z|SSW_190_20170610_140010Z|SSW_221_20170701_140009Z,1480,30056,True,False,0.42045454545454547,0.5,0.13967138284215688,0.4641724606281723,0.3070600576811529,0.44761291742487297,-0.18797421305300643,0.7042510711132963,18265,0.14995893785929373,0.40815767862031205,9626,0.13079160606690213,0.11981614570268799,10658,0.547757553011822,0.5439454215774053,0.5221670734363569,0.8356164383561644
LogMel,20,14,1413,0|0|0|0|0|18|0|0,bn_head,2026,1,3,SSW_057_20170325_100012Z|SSW_190_20170610_140010Z|SSW_285_20170826_220029Z,1480,30056,True,False,0.4204081632653061,0.5959183673469388,0.20470637454820598,0.46638209108115636,0.30848774131698,0.44497836285716785,-0.19060876762071155,0.7001059988779219,18265,0.15143717492471942,0.4129208869422393,9626,0.13224600041554124,0.11965533567211284,10658,0.5487896415837868,0.5461687695684148,0.5228681574932948,0.8354287858885344
LogMel,20,14,1413,0|0|0|0|0|18|0|0,bn_head_replay,42,1,3,SSW_057_20170325_100012Z|SSW_151_20170513_160021Z|SSW_190_20170610_140010Z,1480,30056,True,True,0.46494464944649444,0.6420664206642066,0.17884564656529753,0.5598872411293738,0.409568672135852,0.5629533361864072,-0.07263379429147221,0.8857217353711033,18265,0.2060224473035861,0.4907747057213249,9626,0.1848119675877831,0.13525466007162465,10658,0.637173953837493,0.630999002839294,0.5975800749819049,0.8936948770876337
LogMel,20,14,1413,0|0|0|0|0|18|0|0,bn_head_replay,123,10,3,SSW_151_20170513_160021Z|SSW_190_20170610_140010Z|SSW_221_20170701_140009Z,1480,30056,True,True,0.42424242424242425,0.571969696969697,0.11056105610561057,0.6083221682970628,0.406043576125769,0.6071939513038804,-0.028393179173998973,0.9553276367432881,18265,0.2586367369285519,0.5903093347933206,9626,0.2145231664242676,0.18165318677303155,10658,0.7015387502345656,0.6870288516492844,0.6525095209610672,0.9071120285231751
LogMel,20,14,1413,0|0|0|0|0|18|0|0,bn_head_replay,2026,1,3,SSW_057_20170325_100012Z|SSW_190_20170610_140010Z|SSW_285_20170826_220029Z,1480,30056,True,True,0.4489795918367347,0.6408163265306123,0.1636512224467095,0.5651063297002941,0.39919186070118773,0.5574571890550712,-0.07812994142280816,0.8770743810308674,18265,0.20317547221461812,0.4886942239255406,9626,0.180760440473717,0.13507694412170043,10658,0.6400825670857572,0.6336504182928079,0.6008619030312137,0.8944454869581535
LogMel,20,14,1413,0|0|0|0|0|18|0|0,full,42,1,3,SSW_057_20170325_100012Z|SSW_151_20170513_160021Z|SSW_190_20170610_140010Z,29608,30056,True,False,0.45387453874538747,0.6199261992619927,0.24229716444898045,0.46604473903059873,0.33280384516783307,0.467230096767706,-0.1683570337101734,0.7351157290054148,18265,0.1470024637284424,0.42901724609909664,9626,0.12092250155827966,0.11712169861345513,10658,0.5454118971664478,0.5369616173990278,0.5209863470911955,0.848001501219741
LogMel,20,14,1413,0|0|0|0|0|18|0|0,full,123,1,3,SSW_151_20170513_160021Z|SSW_190_20170610_140010Z|SSW_221_20170701_140009Z,29608,30056,True,False,0.42045454545454547,0.5,0.14896817737496368,0.4737250892410474,0.31337932679269487,0.4475043861225986,-0.18808274435528083,0.7040803135616247,18265,0.13922803175472215,0.4158773610730906,9626,0.11354664450446707,0.11618543429423185,10658,0.5315256145618314,0.522537223068168,0.5099263476664919,0.8435916682304372
LogMel,20,14,1413,0|0|0|0|0|18|0|0,full,2026,1,3,SSW_057_20170325_100012Z|SSW_190_20170610_140010Z|SSW_285_20170826_220029Z,29608,30056,True,False,0.4122448979591837,0.6040816326530613,0.2119398583952975,0.472211860204225,0.3062789046383659,0.4631038242029616,-0.1724833062749178,0.7286236646339384,18265,0.14574322474678347,0.4278675061593211,9626,0.1201953043839601,0.11810048833952207,10658,0.5455995496340776,0.5364732211948293,0.521134316607292,0.8500656783636705
PCEN,5,10,684,0|0|0|0|0|3|0|0,head_only,42,3,3,SSW_057_20170325_100012Z|SSW_180_20170603_220017Z|SSW_285_20170826_220029Z,1032,30056,False,False,0.13846153846153847,0.2,0.06363636363636364,0.5288374826596931,0.13846153846153847,0.5445708829025389,0.017686112433945023,1.0335673252013255,18265,0.1914590747330961,0.2683274021352313,9626,0.20195304383960108,0.08331401985035018,10658,0.6422405704635016,0.6325217129769451,0.6054599865344934,0.8637643085006568
PCEN,5,10,684,0|0|0|0|0|3|0|0,head_only,123,16,3,SSW_151_20170513_160021Z|SSW_180_20170603_220017Z|SSW_208_20170617_180021Z,1032,30056,False,False,0.3157894736842105,0.45614035087719296,0.0,0.46249709798338134,0.27719858940457354,0.49054864249957475,-0.03633612796901908,0.9310359114447302,18265,0.26214070626882013,0.525047905830824,9626,0.24568875960939124,0.17103249115238153,10658,0.6379245637080128,0.5847847122912806,0.5616704294102549,0.851473071870895
PCEN,5,10,684,0|0|0|0|0|3|0|0,head_only,2026,2,3,SSW_057_20170325_100012Z|SSW_161_20170520_140016Z|SSW_180_20170603_220017Z,1032,30056,False,False,0.09615384615384616,0.14423076923076922,0.04761904761904762,0.5276616922916264,0.09615384615384616,0.5372302999385569,0.010345529469963033,1.0196352790018244,18265,0.18828360251847798,0.25934848070079386,9626,0.19956368169540828,0.08001707205914751,10658,0.6212234940889473,0.6151723573777034,0.5867169219916992,0.8529742916119347
PCEN,5,10,684,0|0|0|0|0|3|0|0,bn_head,42,3,3,SSW_057_20170325_100012Z|SSW_180_20170603_220017Z|SSW_285_20170826_220029Z,1480,30056,True,False,0.23846153846153847,0.5769230769230769,0.2925660806567268,0.5446208940536451,0.23846153846153847,0.5593976898931207,0.03251291942452683,1.0617078367924944,18265,0.35439364905557075,0.6555707637558171,9626,0.3313941408684812,0.27369192719220675,10658,0.6765809720397823,0.6164578353861337,0.6235538857037242,0.8954775755301182
PCEN,5,10,684,0|0|0|0|0|3|0|0,bn_head,123,18,3,SSW_151_20170513_160021Z|SSW_180_20170603_220017Z|SSW_208_20170617_180021Z,1480,30056,True,False,0.4298245614035088,0.6842105263157895,0.13768115942028988,0.5336421254394452,0.4298245614035088,0.5372824013403794,0.01039763087178558,1.019734164763461,18265,0.373884478510813,0.6782370654256775,9626,0.3398088510284646,0.2664566756006646,10658,0.6678551322949897,0.5913111718381873,0.5940844808613334,0.8766185025333083
PCEN,5,10,684,0|0|0|0|0|3|0|0,bn_head,2026,3,3,SSW_057_20170325_100012Z|SSW_161_20170520_140016Z|SSW_180_20170603_220017Z,1480,30056,True,False,0.1346153846153846,0.49038461538461536,0.16034614071486722,0.5365841462249111,0.1346153846153846,0.5614092764332214,0.03452450596462753,1.0655257238388625,18265,0.3549411442649877,0.6555707637558171,9626,0.3314980261790983,0.27300611102916444,10658,0.677519234377932,0.617895043526101,0.6246767115224172,0.8954775755301182
PCEN,5,10,684,0|0|0|0|0|3|0|0,bn_head_replay,42,1,3,SSW_057_20170325_100012Z|SSW_180_20170603_220017Z|SSW_285_20170826_220029Z,1480,30056,True,True,0.13846153846153847,0.36153846153846153,0.18493068113321276,0.5952318782975026,0.13846153846153847,0.5948605553037338,0.06797578483514,1.1290145182497582,18265,0.23071448124828908,0.5075828086504243,9626,0.21244546021192603,0.172472722798709,10658,0.7121411146556578,0.6749805614103632,0.6664556289140162,0.9081441170951398
PCEN,5,10,684,0|0|0|0|0|3|0|0,bn_head_replay,123,1,3,SSW_151_20170513_160021Z|SSW_180_20170603_220017Z|SSW_208_20170617_180021Z,1480,30056,True,True,0.2807017543859649,0.5964912280701754,0.17877842755035736,0.592716355462599,0.2807017543859649,0.5947016742282472,0.06781690375965332,1.1287129701990422,18265,0.2285792499315631,0.5101012866137421,9626,0.21005609806773323,0.1733988075032292,10658,0.7120472884218427,0.674873738592322,0.6654972779909271,0.9071120285231751
PCEN,5,10,684,0|0|0|0|0|3|0|0,bn_head_replay,2026,1,3,SSW_057_20170325_100012Z|SSW_161_20170520_140016Z|SSW_180_20170603_220017Z,1480,30056,True,True,0.057692307692307696,0.20192307692307693,0.11318732837720179,0.5934403774962969,0.057692307692307696,0.5911816944973954,0.0642969240288016,1.122032231016315,18265,0.23104297837393922,0.5093347933205584,9626,0.21234157490130895,0.17230615912036756,10658,0.7105460686808032,0.6734190408521594,0.6662482281161313,0.9086132482642146
PCEN,5,10,684,0|0|0|0|0|3|0|0,full,42,3,3,SSW_057_20170325_100012Z|SSW_180_20170603_220017Z|SSW_285_20170826_220029Z,29608,30056,True,False,0.16923076923076924,0.46923076923076923,0.2678210678210678,0.5335749982907421,0.16923076923076924,0.5405519805939184,0.01366721012532457,1.02593965681181,18265,0.3633178209690665,0.6750615932110594,9626,0.3332640764595886,0.2659256263220215,10658,0.6660724338525051,0.5995369544665504,0.5985686251844403,0.8913492212422593
PCEN,5,10,684,0|0|0|0|0|3|0|0,full,123,2,3,SSW_151_20170513_160021Z|SSW_180_20170603_220017Z|SSW_208_20170617_180021Z,29608,30056,True,False,0.37719298245614036,0.6491228070175439,0.22017579204332363,0.5409122160163067,0.37719298245614036,0.5553898636022204,0.02850509313362659,1.054101190110838,18265,0.336764303312346,0.6401861483712018,9626,0.31394140868481196,0.24194047618980524,10658,0.6822105460686808,0.6276338596469122,0.6228468570458032,0.8986676674798274
PCEN,5,10,684,0|0|0|0|0|3|0|0,full,2026,3,3,SSW_057_20170325_100012Z|SSW_161_20170520_140016Z|SSW_180_20170603_220017Z,29608,30056,True,False,0.10576923076923077,0.375,0.17628706419028997,0.5368917497802778,0.10576923076923077,0.5472357473908986,0.02035097692230481,1.0386250999515612,18265,0.36912127018888585,0.6831097727894881,9626,0.3448992312487014,0.2662983967735952,10658,0.6647588665790956,0.6003803821994711,0.5962219981892424,0.8894726965659598
PCEN,10,11,699,0|0|0|0|0|8|0|0,head_only,42,2,3,SSW_057_20170325_100012Z|SSW_180_20170603_220017Z|SSW_285_20170826_220029Z,1032,30056,False,False,0.13846153846153847,0.18461538461538463,0.05645161290322581,0.5347095088810867,0.13846153846153847,0.5358506607072526,0.008965890238658791,1.0170167952106204,18265,0.18779085683000274,0.2617574596222283,9626,0.1994597963847912,0.07984113001449754,10658,0.6192531431788328,0.6145393971899353,0.5848035816925208,0.8519422030399699
PCEN,10,11,699,0|0|0|0|0|8|0|0,head_only,123,2,3,SSW_151_20170513_160021Z|SSW_180_20170603_220017Z|SSW_208_20170617_180021Z,1032,30056,False,False,0.21929824561403508,0.2807017543859649,0.0641025641025641,0.5283467019108592,0.21929824561403508,0.5351191418604115,0.008234371391817707,1.015628410334378,18265,0.19019983575143717,0.26345469477142075,9626,0.20112196135466445,0.08018752258986302,10658,0.6231938449990617,0.6188971774377567,0.5890644884446644,0.8552261212234941
PCEN,10,11,699,0|0|0|0|0|8|0|0,head_only,2026,3,3,SSW_057_20170325_100012Z|SSW_161_20170520_140016Z|SSW_180_20170603_220017Z,1032,30056,False,False,0.08653846153846154,0.15384615384615385,0.05472636815920398,0.5331562969921698,0.08653846153846154,0.5472238330970322,0.02033906262843832,1.0386024872390018,18265,0.1921160689843964,0.27199562003832467,9626,0.2022646997714523,0.08367878694046751,10658,0.6504972790392194,0.6393888056844041,0.6132669489572984,0.87023831863389
PCEN,10,11,699,0|0|0|0|0|8|0|0,bn_head,42,6,3,SSW_057_20170325_100012Z|SSW_180_20170603_220017Z|SSW_285_20170826_220029Z,1480,30056,True,False,0.23846153846153847,0.5384615384615384,0.2596899224806201,0.5434425771091365,0.23846153846153847,0.5437317923470797,0.016847021878485857,1.0319747747946912,18265,0.391294826170271,0.691650698056392,9626,0.36931227924371496,0.2988896364920794,10658,0.66691686995684,0.599328868102964,0.6011603365700567,0.8913492212422593
PCEN,10,11,699,0|0|0|0|0|8|0|0,bn_head,123,15,3,SSW_151_20170513_160021Z|SSW_180_20170603_220017Z|SSW_208_20170617_180021Z,1480,30056,True,False,0.4473684210526316,0.6754385964912281,0.19079939668174964,0.5414789681449862,0.4473684210526316,0.5370130100486874,0.010128239580093568,1.0192228740471772,18265,0.38362989323843416,0.6799890500958117,9626,0.3549761063785581,0.269597448871019,10658,0.6676674798273597,0.5917142285372845,0.5907397809157241,0.8790579846124976
PCEN,10,11,699,0|0|0|0|0|8|0|0,bn_head,2026,3,3,SSW_057_20170325_100012Z|SSW_161_20170520_140016Z|SSW_180_20170603_220017Z,1480,30056,True,False,0.125,0.46153846153846156,0.14803886716435596,0.5379375498133847,0.125,0.5620179858923564,0.035133215423762576,1.0666810228591657,18265,0.3519846701341363,0.6509718039967151,9626,0.32962809058799086,0.27325855357585616,10658,0.6771439294426722,0.618077221423421,0.624867981878223,0.8967911428035279
PCEN,10,11,699,0|0|0|0|0|8|0|0,bn_head_replay,42,1,3,SSW_057_20170325_100012Z|SSW_180_20170603_220017Z|SSW_285_20170826_220029Z,1480,30056,True,True,0.12307692307692308,0.3230769230769231,0.12092890453983057,0.5965877143213497,0.12307692307692308,0.5946879739102615,0.06780320344166768,1.1286869677052267,18265,0.2371749247194087,0.5162332329592116,9626,0.21608144608352378,0.17717574810960376,10658,0.7121411146556578,0.6737409234194726,0.6671797888833133,0.907299680990805
PCEN,10,11,699,0|0|0|0|0|8|0|0,bn_head_replay,123,1,3,SSW_151_20170513_160021Z|SSW_180_20170603_220017Z|SSW_208_20170617_180021Z,1480,30056,True,True,0.2894736842105263,0.5964912280701754,0.17684053100719765,0.5985761368594416,0.2894736842105263,0.594549487336879,0.06766471686828512,1.1284241273630027,18265,0.22759375855461264,0.5148097454147276,9626,0.20673176812798671,0.17333715495435756,10658,0.7107337211484331,0.6729078954532516,0.6635436243388325,0.907487333458435
PCEN,10,11,699,0|0|0|0|0|8|0|0,bn_head_replay,2026,1,3,SSW_057_20170325_100012Z|SSW_161_20170520_140016Z|SSW_180_20170603_220017Z,1480,30056,True,True,0.057692307692307696,0.21153846153846154,0.07615029134016475,0.5922716377937172,0.057692307692307696,0.5947226370107432,0.0678378665421494,1.1287527564742792,18265,0.23044073364358061,0.5127292636189433,9626,0.2106794099314357,0.17405175172984047,10658,0.711015199849878,0.6738646244333111,0.6647812636439456,0.9071120285231751
PCEN,10,11,699,0|0|0|0|0|8|0|0,full,42,3,3,SSW_057_20170325_100012Z|SSW_180_20170603_220017Z|SSW_285_20170826_220029Z,29608,30056,True,False,0.18461538461538463,0.43846153846153846,0.23853942209718257,0.5154719274791335,0.18061643358064447,0.5391196697364831,0.012234899267889232,1.0232212050027711,18265,0.36769778264440184,0.675116342732001,9626,0.34323706627882816,0.2577864740799568,10658,0.6547194595608933,0.5962423523909915,0.5870740770026328,0.8858134734471759
PCEN,10,11,699,0|0|0|0|0|8|0|0,full,123,4,3,SSW_151_20170513_160021Z|SSW_180_20170603_220017Z|SSW_208_20170617_180021Z,29608,30056,True,False,0.41228070175438597,0.6578947368421053,0.25169340463458106,0.5411464214926921,0.41228070175438597,0.5359943905154947,0.009109620046900857,1.017289586940991,18265,0.361456337257049,0.682781275663838,9626,0.33035528776231043,0.25793084997030863,10658,0.6435541377369113,0.5797295865131232,0.5739473122412797,0.8755864139613436
PCEN,10,11,699,0|0|0|0|0|8|0|0,full,2026,1,3,SSW_057_20170325_100012Z|SSW_161_20170520_140016Z|SSW_180_20170603_220017Z,29608,30056,True,False,0.07692307692307693,0.21153846153846154,0.10815295899122042,0.560074571711306,0.07692307692307693,0.5631510429064817,0.036266272437887825,1.068831506375927,18265,0.23525869148644948,0.47790856830002737,9626,0.23000207770621234,0.15810162372872957,10658,0.6825858510039406,0.6489772675800983,0.6311035163704689,0.8988553199474573
PCEN,20,14,1413,0|0|0|0|0|18|0|0,head_only,42,5,3,SSW_057_20170325_100012Z|SSW_151_20170513_160021Z|SSW_190_20170610_140010Z,1032,30056,False,False,0.4575645756457565,0.5313653136531366,0.1255813953488372,0.5217501881178175,0.45310553046902513,0.534358219833716,0.007473449365122176,1.0141842197459523,18265,0.2371749247194087,0.4205858198740761,9626,0.2291709952212757,0.125099823210993,10658,0.6792081065866016,0.6303136922197645,0.6284476124274572,0.8955714017639332
PCEN,20,14,1413,0|0|0|0|0|18|0|0,head_only,123,6,3,SSW_151_20170513_160021Z|SSW_190_20170610_140010Z|SSW_221_20170701_140009Z,1032,30056,False,False,0.4810606060606061,0.5378787878787878,0.09773123909249565,0.5222753126558095,0.47685204150662075,0.5304079680769037,0.0035231976083098804,1.0066868465474461,18265,0.2630714481248289,0.4740213523131673,9626,0.24890920423852067,0.1441116108524381,10658,0.670294614374179,0.6091524583790643,0.6085260560132826,0.8855319947457309
PCEN,20,14,1413,0|0|0|0|0|18|0|0,head_only,2026,1,3,SSW_057_20170325_100012Z|SSW_190_20170610_140010Z|SSW_285_20170826_220029Z,1032,30056,False,False,0.4489795918367347,0.49795918367346936,0.11477045908183635,0.5339333623030251,0.4489795918367347,0.5364289823836792,0.009544211915085365,1.0181144197935292,18265,0.18921434437448673,0.26411168902272103,9626,0.20008310824849365,0.08020953701188012,10658,0.6290110714955902,0.6190106066238349,0.5930447236449277,0.8601050853818728
PCEN,20,14,1413,0|0|0|0|0|18|0|0,bn_head,42,1,3,SSW_057_20170325_100012Z|SSW_151_20170513_160021Z|SSW_190_20170610_140010Z,1480,30056,True,False,0.4907749077490775,0.6863468634686347,0.28978662900357377,0.5888707043764608,0.4907749077490775,0.5786531536490506,0.051768383180456734,1.0982537095054308,18265,0.2923076923076923,0.5935395565288804,9626,0.26708913359650943,0.2322098338294134,10658,0.684931506849315,0.6369930227049512,0.6376096350018563,0.9017639331957216
PCEN,20,14,1413,0|0|0|0|0|18|0|0,bn_head,123,1,3,SSW_151_20170513_160021Z|SSW_190_20170610_140010Z|SSW_221_20170701_140009Z,1480,30056,True,False,0.5037878787878788,0.7007575757575758,0.22015306122448983,0.5837600533294531,0.5037878787878788,0.5777596206774666,0.050874850208872724,1.0965578302132861,18265,0.3001916233232959,0.6037229674240351,9626,0.271763972574278,0.2357664607732221,10658,0.68521298555076,0.6366719957237059,0.6373236074119331,0.9012009757928316
PCEN,20,14,1413,0|0|0|0|0|18|0|0,bn_head,2026,1,3,SSW_057_20170325_100012Z|SSW_190_20170610_140010Z|SSW_285_20170826_220029Z,1480,30056,True,False,0.46530612244897956,0.6530612244897959,0.256006911386156,0.5841589393785138,0.46530612244897956,0.5789410857054408,0.05205631523684695,1.0988001896326398,18265,0.29794689296468657,0.6006569942513003,9626,0.26895906918761686,0.23465742355272598,10658,0.6836179395759054,0.6348698680117375,0.6351726376252361,0.9010133233252017
PCEN,20,14,1413,0|0|0|0|0|18|0|0,bn_head_replay,42,1,3,SSW_057_20170325_100012Z|SSW_151_20170513_160021Z|SSW_190_20170610_140010Z,1480,30056,True,True,0.42435424354243545,0.5904059040590406,0.23465822018198632,0.5836970212060566,0.42435424354243545,0.5922923599275667,0.06540758945897285,1.1241402164666887,18265,0.24867232411716397,0.5872981111415275,9626,0.2077706212341575,0.18436479426085597,10658,0.7056671045224244,0.6610627714707442,0.6505166784615836,0.9085194220303997
PCEN,20,14,1413,0|0|0|0|0|18|0|0,bn_head_replay,123,5,3,SSW_151_20170513_160021Z|SSW_190_20170610_140010Z|SSW_221_20170701_140009Z,1480,30056,True,True,0.45075757575757575,0.8068181818181818,0.10606060606060606,0.5794631700400579,0.45075757575757575,0.607807238904656,0.08092246843606221,1.153586653043876,18265,0.3148097454147276,0.6188885847248836,9626,0.269062954498234,0.21917677268121832,10658,0.70369675361231,0.6482836802586556,0.640739824525208,0.9100206417714393
PCEN,20,14,1413,0|0|0|0|0|18|0|0,bn_head_replay,2026,1,3,SSW_057_20170325_100012Z|SSW_190_20170610_140010Z|SSW_285_20170826_220029Z,1480,30056,True,True,0.40408163265306124,0.5714285714285714,0.1738902305790351,0.5829704997253115,0.40408163265306124,0.5915381162609994,0.06465334579240556,1.1227087010598258,18265,0.2591294826170271,0.5888858472488365,9626,0.21878246415956784,0.19174446319286767,10658,0.7100769375117283,0.6651869759149065,0.6573371201219576,0.9103021204728842
PCEN,20,14,1413,0|0|0|0|0|18|0|0,full,42,1,3,SSW_057_20170325_100012Z|SSW_151_20170513_160021Z|SSW_190_20170610_140010Z,29608,30056,True,False,0.47232472324723246,0.6568265682656826,0.2507463982347286,0.543413154546948,0.47232472324723246,0.5559987896010796,0.02911401913248579,1.0552569001123202,18265,0.31661647960580347,0.6318094716671229,9626,0.28236027425722005,0.2380736138416326,10658,0.6793957590542316,0.6282137363633128,0.6241300316112472,0.9031713267029462
PCEN,20,14,1413,0|0|0|0|0|18|0|0,full,123,1,3,SSW_151_20170513_160021Z|SSW_190_20170610_140010Z|SSW_221_20170701_140009Z,29608,30056,True,False,0.5037878787878788,0.7386363636363636,0.2247574604935355,0.5553204962926959,0.5037878787878788,0.5629400737766469,0.036055303308053066,1.0684310978963896,18265,0.3004653709280044,0.6341637010676157,9626,0.26085601495948474,0.2287591747565489,10658,0.6762056671045225,0.6214031033117673,0.6179655431345344,0.9008256708575718
PCEN,20,14,1413,0|0|0|0|0|18|0|0,full,2026,1,3,SSW_057_20170325_100012Z|SSW_190_20170610_140010Z|SSW_285_20170826_220029Z,29608,30056,True,False,0.4530612244897959,0.6,0.21589527107104697,0.5480336771679095,0.4530612244897959,0.5620721786595896,0.03518740819099575,1.0667838779240122,18265,0.30588557350123186,0.6270462633451958,9626,0.2650114273841679,0.2287651212221394,10658,0.6682304372302496,0.612787406225902,0.6113295190679833,0.9020454118971665
