family,feature,requested_shots,policy,n_seeds,expected_seeds,complete,seeds,strict_int8,floating_point_tensor_count,tflite_bytes_mean,tflite_bytes_std,xeno_fp32_macro_f1_mean,xeno_fp32_macro_f1_std,xeno_int8_macro_f1_mean,xeno_int8_macro_f1_std,xeno_macro_f1_delta_mean,xeno_macro_f1_delta_std,xeno_macro_f1_retention_mean,xeno_macro_f1_retention_std,birdset_fp32_top1_mean,birdset_fp32_top1_std,birdset_int8_top1_mean,birdset_int8_top1_std,birdset_top1_delta_mean,birdset_top1_delta_std,birdset_fp32_top3_mean,birdset_fp32_top3_std,birdset_int8_top3_mean,birdset_int8_top3_std,birdset_top3_delta_mean,birdset_top3_delta_std,birdset_fp32_singleton_macro_f1_mean,birdset_fp32_singleton_macro_f1_std,birdset_int8_singleton_macro_f1_mean,birdset_int8_singleton_macro_f1_std,birdset_singleton_macro_f1_delta_mean,birdset_singleton_macro_f1_delta_std,db3v_fp32_accuracy_mean,db3v_fp32_accuracy_std,db3v_int8_accuracy_mean,db3v_int8_accuracy_std,db3v_accuracy_delta_mean,db3v_accuracy_delta_std,db3v_fp32_balanced_accuracy_mean,db3v_fp32_balanced_accuracy_std,db3v_int8_balanced_accuracy_mean,db3v_int8_balanced_accuracy_std,db3v_balanced_accuracy_delta_mean,db3v_balanced_accuracy_delta_std,db3v_fp32_macro_f1_mean,db3v_fp32_macro_f1_std,db3v_int8_macro_f1_mean,db3v_int8_macro_f1_std,db3v_macro_f1_delta_mean,db3v_macro_f1_delta_std,db3v_macro_f1_retention_mean,db3v_macro_f1_retention_std,db3v_fp32_top3_mean,db3v_fp32_top3_std,db3v_int8_top3_mean,db3v_int8_top3_std,db3v_top3_delta_mean,db3v_top3_delta_std
birdset_strict_fewshot,LogMel,5,bn_head_replay,3,3,True,42|123|2026,True,0,49968.0,0.0,0.5610155201425737,0.00631475802304897,0.5314365337887024,0.015713650877115765,-0.029578986353871423,0.021810969106011626,0.9475543610768252,0.0380563341853916,0.20306597317273473,0.021682953160685782,0.20224473035860938,0.05034301065419439,-0.0008212428141253688,0.02879528139608954,0.4793868053654531,0.037311547468456226,0.4757003376220458,0.04404993939369983,-0.00368646774340727,0.007785669352504742,0.13316704786039912,0.02353877027624064,0.13197665936366676,0.014875268047119862,-0.0011903884967323873,0.008944813640681403,0.669112252384446,0.019075568598679375,0.6456346294937637,0.024322207563097213,-0.0234776228906823,0.005539130179949162,0.667115768009788,0.01398811239350305,0.6444651254423828,0.015587084996052509,-0.022650642567405305,0.0020338735333799126,0.6389026773505967,0.009260190298531925,0.6193398572549405,0.012304858726664794,-0.019562820095656203,0.0032183820732428325,0.9693314885656872,0.005428241267754319,0.917339202739056,0.010589696793646889,0.900953778429934,0.01498208206651665,-0.016385424309122043,0.005205134911663661
birdset_strict_fewshot,LogMel,10,bn_head_replay,3,3,True,42|123|2026,True,0,49968.0,0.0,0.5611139320748328,0.013097818174082133,0.5440421720182305,0.018818660123084946,-0.01707176005660238,0.020905511348688337,0.96983540057465,0.0374249389664651,0.2038689661465462,0.020174387484268436,0.23091522949174195,0.041942897742032186,0.027046263345195738,0.026277260579153274,0.4835477689570216,0.037632042496630165,0.5100647869331143,0.04068509558518596,0.0265170179760927,0.02175040285261071,0.1365516282480034,0.02570938973156492,0.14187019196286957,0.006592583068252024,0.005318563714866183,0.019117175255606106,0.6718023966740034,0.022462142339359347,0.6559060895084372,0.029611791739707367,-0.015896307165566188,0.009290007294312855,0.6687629169048597,0.01629860316657471,0.651713212091127,0.022309279553090564,-0.01704970481373269,0.006190507471350775,0.6397887450186849,0.011291350587531458,0.6252179492127093,0.021313672029098958,-0.01457079580597546,0.010366259392090377,0.977044034084679,0.016464875281045,0.917339202739056,0.008343713430781106,0.9073123012961604,0.01137394566322672,-0.010026901442895605,0.008246375788744126
birdset_strict_fewshot,LogMel,20,head_only,3,3,True,42|123|2026,True,0,49968.0,0.0,0.5780602782801165,0.012399553926819904,0.5561679527653842,0.021794799852767412,-0.021892325514732303,0.009585839573938043,0.9618843439251396,0.01758748306464019,0.18658636736928552,0.00911164286342037,0.21177114700246374,0.017593347736739068,0.025184779633178212,0.008514738716976545,0.4524682909024546,0.023771466088805614,0.5008303677342824,0.028102899411810073,0.04836207683182775,0.004364994044155588,0.10615082178691615,0.007462138213474584,0.12210300036683756,0.012434134417997015,0.015952178579921417,0.005107616022302969,0.7101980924431401,0.01785110060248924,0.7057960381511372,0.024155653166770805,-0.004402054292002948,0.006396036600940092,0.7026215684824769,0.017049432832845664,0.6851387105472129,0.024086057292149788,-0.017482857935264013,0.007246357748854613,0.6807730617386455,0.011783301075558658,0.6734051012456168,0.01971478186375498,-0.007367960493028643,0.008565605197649111,0.9890465935254036,0.012876172434192205,0.9212521398875031,0.008048169563171597,0.9185619955979457,0.005135730007336763,-0.0026901442895573835,0.0030545355824888208
birdset_strict_fewshot,MFCC,5,bn_head_replay,3,3,True,42|123|2026,True,0,49968.0,0.0,0.48410128427727517,0.004382204508117897,0.4838630798656509,0.015878453043274645,-0.00023820441162425432,0.015305406899989384,0.9995089965594437,0.03152165595659439,0.2006022447303586,0.005659893093798264,0.20151473674605347,0.008161964369764674,0.0009124920156948676,0.0061016451804702726,0.47060863217446847,0.014505454806815093,0.47471484624509536,0.01416144099694486,0.004106214070626872,0.004087923493859309,0.13316942252283345,0.005639508962778812,0.14454439929395985,0.0102398695708207,0.011374976771126394,0.004647805884618541,0.5668867693812668,0.00560354083511355,0.5710442651014919,0.0030545355824888386,0.00415749572022502,0.006239838993481643,0.5321158935737128,0.005595698119398345,0.5389423357603497,0.004947919174289607,0.0068264421866368235,0.0010600373715968436,0.5141084855209263,0.005435033594828446,0.5174050116711681,0.003760922389296978,0.003296526150241822,0.003992409590225255,1.0064518801664941,0.007767677947611124,0.8493519197847884,0.0029651151022211416,0.842993396918562,0.0033621245010681563,-0.006358522866226475,0.0022414163340454536
birdset_strict_fewshot,MFCC,10,bn_head_replay,3,3,True,42|123|2026,True,0,49968.0,0.0,0.4789476369905947,0.006073029891833956,0.4780918530668981,0.007073871729182061,-0.000855783923696618,0.005818268513335593,0.9982432885261577,0.012231045562338404,0.198759010858655,0.0028670841823821257,0.20688018979833925,0.005713220285617852,0.008121178939684262,0.008219785614418726,0.4701706360069349,0.0012111075844903382,0.48586549867688655,0.009200580568315799,0.015694862669951626,0.010408218490043997,0.13440683831344466,0.0024898582782335887,0.15196591103454432,0.0043497128950105,0.01755907272109968,0.0022677630545602898,0.5666422108094888,0.002358437456833684,0.5659085350941551,0.0011207081670227027,-0.0007336757153338184,0.003362124501068096,0.531308297330814,0.002239884808136859,0.5354634838807543,0.003986122184659646,0.00415518654994033,0.0017491207428690612,0.5109954133540756,0.0023935189167586133,0.5146349456435529,0.0014938979188482207,0.003639532289477332,0.0009203550382917306,1.0071280747253384,0.0018309077954259438,0.8500855955001223,0.003467216160126613,0.8381022254830032,0.002358437456833684,-0.011983370017119058,0.0011207081670226906
birdset_strict_fewshot,MFCC,20,bn_head_replay,3,3,True,42|123|2026,True,0,49968.0,0.0,0.4852875897732002,0.003962429758932888,0.477169465574983,0.0095289802518783,-0.008118124198217206,0.01030560974029767,0.9833151973180837,0.02114833626952352,0.23887215986860116,0.004440115263715378,0.2412263892690939,0.014296964970430663,0.0023542294004927355,0.014159818123453651,0.5195182042157132,0.008202201863696681,0.5385162879824802,0.022525086736943627,0.018998083766767038,0.020377636364764966,0.17565663757673106,0.0048913669180838774,0.18404656942463093,0.013491608150834453,0.00838993184789987,0.008753735784874888,0.5791146979701639,0.0025765844345445347,0.5744680851063829,0.005290610822397617,-0.004646612863780912,0.0027776514286134975,0.5402107498434671,0.0033444125242904194,0.5389992334757984,0.007024149138667474,-0.0012115163676686969,0.003679737278105089,0.5188101383357525,0.0036945071141847277,0.5148177057158511,0.00791780688107603,-0.003992432619901527,0.004237865264802522,0.9922659012316338,0.008223194183315954,0.8495964783565664,0.001270763615237614,0.8481291269258988,0.005823370457222167,-0.0014673514306676367,0.00508305446095052
birdset_strict_fewshot,PCEN,5,bn_head,3,3,True,42|123|2026,True,0,49968.0,0.0,0.5526964558889071,0.013386800525921791,0.1797064958584454,0.021578850024111217,-0.37298996003046175,0.01314843066484634,0.32475277864513413,0.03286696874382578,0.36107309061045717,0.011098363965068105,0.19775526964139065,0.0009339568633579091,-0.16331782096906652,0.01020737241392807,0.6631261976457706,0.01308639537062716,0.3388265352678164,0.009656787075340808,-0.32429966237795416,0.009440178640187556,0.2710515712740119,0.003994043770301224,0.04246633494928854,0.0007600625975737908,-0.2285852363247234,0.0034144782587557623,0.7185130838835901,0.008597894757274125,0.3034971875764246,0.01373235034616431,-0.41501589630716557,0.009173391701399431,0.6652140125859475,0.017288825817529378,0.21600408520927433,0.01701900845213589,-0.44920992737667315,0.008506685329870199,0.6755757917334615,0.020528118583608163,0.1984457940792156,0.028531540621735227,-0.47712999765424596,0.01256784513036903,0.2931274758191448,0.03442824380535366,0.908779652726828,0.012501225648453932,0.8028857911469797,0.029295013821236247,-0.10589386157984837,0.04167338341181376
birdset_strict_fewshot,PCEN,10,bn_head,3,3,True,42|123|2026,True,0,49968.0,0.0,0.5475875960960411,0.012940734953954381,0.19028690273858265,0.010787757785422143,-0.3573006933574585,0.0026652362265639855,0.3473233557508925,0.011568100078095025,0.3756364631809472,0.020838504863815607,0.19843051373300485,0.00040356500387801536,-0.17720594944794232,0.020435021857792515,0.6742038507163063,0.020947422380213698,0.3115065243179122,0.03749044489592469,-0.362697326398394,0.057119058559011816,0.2805818796463182,0.015960306778304185,0.043368535048630176,0.001142186972975662,-0.237213344597688,0.01684727526343612,0.7141110295915872,0.010280190538999132,0.3008070432868672,0.019230142952430175,-0.41330398630472,0.011700536770756326,0.6558400392949651,0.021447679927179074,0.2132383969567498,0.019496228114870864,-0.44260164233821536,0.010482605470241347,0.663557663488934,0.02465783689001161,0.1943118073438933,0.03145481376248365,-0.4692458561450407,0.014387934322392654,0.29206816566941707,0.03720497885352222,0.9104915627292737,0.010956114837173913,0.7953044754218636,0.01346849578186783,-0.11518708730741012,0.021377552875030768
birdset_strict_fewshot,PCEN,20,bn_head,3,3,True,42|123|2026,True,0,49968.0,0.0,0.5784512866773193,0.0006160581212746882,0.1685449515712037,0.013288871900012754,-0.4099063351061156,0.013052374520335072,0.2913664055869751,0.022835725002242253,0.29681540286522495,0.004061932354013767,0.19282781275663838,0.0017799910437458317,-0.10398759010858656,0.0040054553950825,0.5993065060680719,0.005224301686796868,0.23821516561730086,0.0023618565135639777,-0.361091340450771,0.0048743475228552255,0.2342112393851205,0.0018198101653532054,0.0417928971482182,0.0005410228405143433,-0.1924183422369023,0.001865576975700348,0.7048178038640255,0.001527267791244388,0.2961604304230863,0.003619136362667834,-0.4086573734409391,0.005135730007336743,0.6664407703257476,0.0026049858920530987,0.2353610620159312,0.0043432633599184145,-0.4310797083098164,0.006947595072576361,0.6724358267460581,0.0024933651448950577,0.2103471759306252,0.0075830275938355745,-0.4620886508154329,0.009584038397364115,0.3128373049597136,0.01213935881015873,0.9185619955979457,0.001270763615237614,0.6989483981413549,0.012841071746466206,-0.21961359745659081,0.012924637086548113
