chain_id,family,feature,requested_shots,policy,seed,output_activation,strict_int8,floating_point_tensor_count,tflite_bytes,input_scale,input_zero_point,output_scale,output_zero_point,xeno_fp32_macro_f1,xeno_int8_macro_f1,xeno_macro_f1_delta,xeno_macro_f1_retention,xeno_input_saturation,birdset_scope,birdset_fp32_top1,birdset_int8_top1,birdset_top1_delta,birdset_fp32_top3,birdset_int8_top3,birdset_top3_delta,birdset_fp32_singleton_macro_f1,birdset_int8_singleton_macro_f1,birdset_singleton_macro_f1_delta,birdset_input_saturation,db3v_scope,db3v_metric_level,db3v_fp32_accuracy,db3v_int8_accuracy,db3v_accuracy_delta,db3v_fp32_balanced_accuracy,db3v_int8_balanced_accuracy,db3v_balanced_accuracy_delta,db3v_fp32_macro_f1,db3v_int8_macro_f1,db3v_macro_f1_delta,db3v_macro_f1_retention,db3v_fp32_top3,db3v_int8_top3,db3v_top3_delta,db3v_input_saturation
db3v_strict_5shot_mfcc_head_only_seed_42,db3v_strict_fewshot,MFCC,5,head_only,42,softmax,True,0,49984,5.207141876220703,89,0.00390625,-128,0.47928187047607274,0.4768846606733499,-0.002397209802722844,0.9949983298964726,3.2253138427837224e-05,common_20shot_heldout_197_recordings,0.16370106761565836,0.1680810292909937,0.004379961675335331,0.4782918149466192,0.5016151108677799,0.02332329592116067,0.09579641714903822,0.10447261796884814,0.008676200819809923,3.9667080797658404e-05,common_source_grouped_20shot_heldout,original_source_recording,0.6195876288659794,0.6175257731958763,-0.0020618556701030855,0.611857641612687,0.5988599947537266,-0.012997646858960321,0.5532622127451265,0.5443769169617823,-0.008885295783344294,0.9839401723474697,0.8680412371134021,0.8701030927835052,0.0020618556701030855,1.949594547097811e-05
db3v_strict_5shot_mfcc_head_only_seed_123,db3v_strict_fewshot,MFCC,5,head_only,123,softmax,True,0,49984,5.207141876220703,89,0.00390625,-128,0.4789927236180167,0.48121421209854387,0.0022214884805271673,1.0046378334596555,3.2253138427837224e-05,common_20shot_heldout_197_recordings,0.16583629893238433,0.16977826444018615,0.00394196550780182,0.4769778264440186,0.5005748699698878,0.023597043525869166,0.09809664031557593,0.10700727671346504,0.00891063639788911,3.9667080797658404e-05,common_source_grouped_20shot_heldout,original_source_recording,0.6185567010309279,0.6164948453608248,-0.0020618556701030855,0.6069042701162436,0.6032435487599652,-0.0036607213562783736,0.5493499333271256,0.5465073132922251,-0.002842620034900434,0.9948254839721484,0.8701030927835052,0.8680412371134021,-0.0020618556701030855,1.949594547097811e-05
db3v_strict_5shot_mfcc_head_only_seed_2026,db3v_strict_fewshot,MFCC,5,head_only,2026,softmax,True,0,49984,5.207141876220703,89,0.00390625,-128,0.473766019458835,0.4751876339340241,0.0014216144751890702,1.0030006678757015,3.2253138427837224e-05,common_20shot_heldout_197_recordings,0.16496030659731728,0.16901177114700247,0.004051464549685191,0.47993430057486997,0.501067615658363,0.02113331508349303,0.0969172353753934,0.10601846931309368,0.009101233937700279,3.9667080797658404e-05,common_source_grouped_20shot_heldout,original_source_recording,0.6206185567010309,0.6195876288659794,-0.0010309278350515427,0.6104111756446851,0.6029238047681847,-0.00748737087650031,0.5523630813885086,0.5480167848523352,-0.004346296536173466,0.9921314499780689,0.8680412371134021,0.8690721649484536,0.0010309278350515427,1.949594547097811e-05
db3v_strict_10shot_mfcc_bn_head_replay_seed_42,db3v_strict_fewshot,MFCC,10,bn_head_replay,42,softmax,True,0,49984,5.135698318481445,92,0.00390625,-128,0.49637810888478534,0.46496909691483135,-0.03140901196995399,0.9367236157119806,0.00019351883056702333,common_20shot_heldout_197_recordings,0.19622228305502326,0.1945797974267725,-0.001642485628250756,0.4790035587188612,0.4886942239255406,0.009690665206679439,0.11066039711461942,0.10989061263383179,-0.0007697844807876275,0.00013384678557139547,common_source_grouped_20shot_heldout,original_source_recording,0.6505154639175258,0.6402061855670103,-0.010309278350515538,0.6251430447845174,0.6238700336282409,-0.0012730111562765378,0.575710161847966,0.5688926823720033,-0.006817479475962673,0.9881581394115412,0.8876288659793814,0.8917525773195877,0.004123711340206282,0.00020304026913034746
db3v_strict_10shot_mfcc_bn_head_replay_seed_123,db3v_strict_fewshot,MFCC,10,bn_head_replay,123,softmax,True,0,49984,5.135698318481445,92,0.00390625,-128,0.49205271296999853,0.4748756296723199,-0.01717708329767864,0.9650909692297013,0.00019351883056702333,common_20shot_heldout_197_recordings,0.19775526964139065,0.22173555981385162,0.023980290172460977,0.4796058034492198,0.5278401313988502,0.048234327949630396,0.11253605397169718,0.12864644125124428,0.016110387279547098,0.00013384678557139547,common_source_grouped_20shot_heldout,original_source_recording,0.6494845360824743,0.6412371134020619,-0.008247422680412342,0.6282393493535732,0.6110466409301117,-0.017192708423461434,0.5771020124080213,0.5574159642959279,-0.0196860481120934,0.9658880965776723,0.8938144329896908,0.9,0.006185567010309256,0.00020304026913034746
db3v_strict_10shot_mfcc_bn_head_replay_seed_2026,db3v_strict_fewshot,MFCC,10,bn_head_replay,2026,softmax,True,0,49984,5.135698318481445,92,0.00390625,-128,0.4865168093475002,0.4705897158953127,-0.015927093452187513,0.9672630150774268,0.00019351883056702333,common_20shot_heldout_197_recordings,0.19824801532986586,0.20246372844237612,0.004215713112510261,0.479222556802628,0.49723514919244455,0.018012592389816562,0.11221282477237127,0.1140407029232238,0.00182787815085253,0.00013384678557139547,common_source_grouped_20shot_heldout,original_source_recording,0.6494845360824743,0.6381443298969072,-0.011340206185567081,0.6258262238261141,0.6151117317921375,-0.010714492033976564,0.5719400433075782,0.5587550036123793,-0.013185039695198908,0.976946814881244,0.8886597938144329,0.8896907216494845,0.0010309278350515427,0.00020304026913034746
db3v_strict_20shot_mfcc_bn_head_replay_seed_42,db3v_strict_fewshot,MFCC,20,bn_head_replay,42,softmax,True,0,49984,5.135698318481445,92,0.00390625,-128,0.4819954735879395,0.47467119922310347,-0.007324274364836014,0.9848042673299094,0.00019351883056702333,common_20shot_heldout_197_recordings,0.18165891048453325,0.18313714754995894,0.001478237065425686,0.47473309608540926,0.49734464823432795,0.02261155214891869,0.11009221076230964,0.10875774335630516,-0.0013344674060044859,0.00013384678557139547,common_source_grouped_20shot_heldout,original_source_recording,0.643298969072165,0.6453608247422681,0.0020618556701030855,0.6177321900075716,0.6196132860423808,0.0018810960348091266,0.5643430426279592,0.5633339353260547,-0.0010091073019045105,0.9982118902410749,0.8701030927835052,0.8628865979381444,-0.007216494845360799,0.00020304026913034746
db3v_strict_20shot_mfcc_bn_head_replay_seed_123,db3v_strict_fewshot,MFCC,20,bn_head_replay,123,softmax,True,0,49984,5.135698318481445,92,0.00390625,-128,0.48900163305932937,0.4802553682505477,-0.008746264808781656,0.9821140376279265,0.00019351883056702333,common_20shot_heldout_197_recordings,0.2186148371201752,0.2293457432247468,0.010730906104571586,0.503367095537914,0.521653435532439,0.018286339994525003,0.10780976124492891,0.11588233603399332,0.00807257478906441,0.00013384678557139547,common_source_grouped_20shot_heldout,original_source_recording,0.6649484536082474,0.6556701030927835,-0.009278350515463885,0.6220208227198651,0.6132941642033338,-0.008726658516531316,0.5765008840344434,0.5659498396775765,-0.010551044356866934,0.9816981297877133,0.8896907216494845,0.8917525773195877,0.0020618556701031965,0.00020304026913034746
db3v_strict_20shot_mfcc_bn_head_replay_seed_2026,db3v_strict_fewshot,MFCC,20,bn_head_replay,2026,softmax,True,0,49984,5.135698318481445,92,0.00390625,-128,0.48069384729123465,0.4857656112894266,0.005071763998191925,1.0105509234760792,0.00019351883056702333,common_20shot_heldout_197_recordings,0.20290172460990966,0.21412537640295648,0.011223651793046824,0.5050095811661648,0.5362168081029292,0.031207226936764365,0.10413522550051893,0.10975334703891536,0.005618121538396428,0.00013384678557139547,common_source_grouped_20shot_heldout,original_source_recording,0.6639175257731958,0.6670103092783505,0.003092783505154628,0.6277444107342458,0.6302169834717424,0.00247257273749657,0.5810782570355466,0.5804678425657595,-0.0006104144697871572,0.9989495141792066,0.8845360824742268,0.8752577319587629,-0.009278350515463885,0.00020304026913034746
db3v_strict_5shot_logmel_head_only_seed_42,db3v_strict_fewshot,LogMel,5,head_only,42,softmax,True,0,49984,0.3137255012989044,127,0.00390625,-128,0.5980433169196808,0.5354788629496843,-0.06256445396999655,0.8953847452183816,0.0,common_20shot_heldout_197_recordings,0.19436079934300574,0.20897892143443744,0.014618122091431707,0.4537640295647413,0.48935121817684096,0.03558718861209964,0.1028773274856377,0.08944933175317844,-0.013427995732459258,0.0,common_source_grouped_20shot_heldout,original_source_recording,0.7371134020618557,0.7082474226804124,-0.028865979381443307,0.7459572770317855,0.6888846933897543,-0.05707258364203116,0.6765519550150506,0.6390165406239958,-0.03753541439105479,0.9445195389462443,0.9226804123711341,0.9257731958762887,0.003092783505154628,0.0
db3v_strict_5shot_logmel_head_only_seed_123,db3v_strict_fewshot,LogMel,5,head_only,123,softmax,True,0,49984,0.3137255012989044,127,0.00390625,-128,0.5934172899651888,0.5345439507797152,-0.05887333918547366,0.9007893093426258,0.0,common_20shot_heldout_197_recordings,0.1933753079660553,0.20875992335067067,0.015384615384615385,0.45206679441554887,0.48814672871612375,0.03607993430057488,0.10237113120035601,0.08965613105008689,-0.01271500015026912,0.0,common_source_grouped_20shot_heldout,original_source_recording,0.7350515463917526,0.7051546391752578,-0.02989690721649485,0.7473487143089085,0.6906314272596118,-0.05671728704929668,0.6731638275543894,0.6357615856170591,-0.03740224193733033,0.944438128719404,0.9216494845360824,0.9226804123711341,0.0010309278350516538,0.0
db3v_strict_5shot_logmel_head_only_seed_2026,db3v_strict_fewshot,LogMel,5,head_only,2026,softmax,True,0,49984,0.3137255012989044,127,0.00390625,-128,0.5962464534471987,0.5295915004527487,-0.06665495299445001,0.8882090574978109,0.0,common_20shot_heldout_197_recordings,0.19375855461264713,0.20848617574596223,0.014727621133315105,0.4535997810019162,0.48918696961401587,0.03558718861209964,0.10205029405353028,0.089470799799709,-0.01257949425382128,0.0,common_source_grouped_20shot_heldout,original_source_recording,0.7309278350515463,0.7103092783505155,-0.020618556701030855,0.7384893598181702,0.6939547963957078,-0.044534563422462425,0.6671241555083505,0.6390493885672734,-0.028074766941077023,0.9579167285290637,0.9216494845360824,0.9226804123711341,0.0010309278350516538,0.0
db3v_strict_10shot_logmel_bn_head_replay_seed_42,db3v_strict_fewshot,LogMel,10,bn_head_replay,42,softmax,True,0,49984,0.3137255012989044,127,0.00390625,-128,0.6072617955132267,0.5886556154496959,-0.018606180063530764,0.9693605291803253,0.0,common_20shot_heldout_197_recordings,0.2266630166986039,0.2689843963865316,0.04232137968792771,0.5708185053380783,0.6752805912948262,0.10446208595674789,0.12026476769743509,0.14281251925522306,0.022547751557787973,0.0,common_source_grouped_20shot_heldout,original_source_recording,0.7515463917525773,0.7484536082474227,-0.003092783505154628,0.7457616083654126,0.7209001221719742,-0.02486148619343842,0.6820618336163753,0.672135420090299,-0.009926413526076261,0.9854464609558269,0.931958762886598,0.9360824742268041,0.004123711340206171,0.0
db3v_strict_10shot_logmel_bn_head_replay_seed_123,db3v_strict_fewshot,LogMel,10,bn_head_replay,123,softmax,True,0,49984,0.3137255012989044,127,0.00390625,-128,0.6123248357860072,0.5943352603286924,-0.01798957545731472,0.9706208626435632,0.0,common_20shot_heldout_197_recordings,0.2277580071174377,0.2784013139885026,0.050643306871064886,0.5739392280317547,0.6657541746509718,0.09181494661921707,0.12166206876623986,0.1570247367876587,0.035362668021418825,0.0,common_source_grouped_20shot_heldout,original_source_recording,0.7494845360824742,0.743298969072165,-0.006185567010309256,0.7470707119961368,0.723040231375603,-0.02403048062053381,0.6844368247500163,0.6723926591764499,-0.012044165573566468,0.9824028089400867,0.934020618556701,0.9329896907216495,-0.0010309278350515427,0.0
db3v_strict_10shot_logmel_bn_head_replay_seed_2026,db3v_strict_fewshot,LogMel,10,bn_head_replay,2026,softmax,True,0,49984,0.3137255012989044,127,0.00390625,-128,0.610398518909959,0.5985444322820158,-0.011854086627943183,0.9805797585336347,0.0,common_20shot_heldout_197_recordings,0.2200383246646592,0.26767040788393104,0.04763208321927184,0.5503421845058856,0.6649876813577881,0.1146454968519025,0.11409084133048264,0.14630117393302575,0.03221033260254311,0.0,common_source_grouped_20shot_heldout,original_source_recording,0.7474226804123711,0.7350515463917526,-0.012371134020618513,0.7486523049048155,0.728440635593591,-0.020211669311224534,0.6770823990399022,0.6556050804266761,-0.021477318613226104,0.9682796087393782,0.9329896907216495,0.9329896907216495,0.0,0.0
db3v_strict_20shot_logmel_bn_head_replay_seed_42,db3v_strict_fewshot,LogMel,20,bn_head_replay,42,softmax,True,0,49984,0.3137255012989044,127,0.00390625,-128,0.6121516529136498,0.5912532514780166,-0.020898401435633263,0.9658607449050192,0.0,common_20shot_heldout_197_recordings,0.22299479879551054,0.27664932931836844,0.0536545305228579,0.5536819052833287,0.649548316452231,0.09586641116890227,0.11865319644549022,0.150818484550959,0.03216528810546879,0.0,common_source_grouped_20shot_heldout,original_source_recording,0.7474226804123711,0.756701030927835,0.009278350515463885,0.7406512437314356,0.7445698592430562,0.003918615511620538,0.681039487405638,0.6833638216634508,0.0023243342578127546,1.0034129214249634,0.9278350515463918,0.9360824742268041,0.008247422680412342,0.0
db3v_strict_20shot_logmel_bn_head_replay_seed_123,db3v_strict_fewshot,LogMel,20,bn_head_replay,123,softmax,True,0,49984,0.3137255012989044,127,0.00390625,-128,0.6159522872278553,0.615177902628419,-0.0007743845994363507,0.9987427847651618,0.0,common_20shot_heldout_197_recordings,0.21872433616205858,0.23826991513824253,0.019545578976183947,0.5474404598959759,0.6105119080208048,0.0630714481248289,0.1144167585683388,0.12652276404071236,0.01210600547237356,0.0,common_source_grouped_20shot_heldout,original_source_recording,0.7577319587628866,0.7360824742268042,-0.021649484536082397,0.752019392298576,0.7172285754031005,-0.034790816895475474,0.6945289154870732,0.6767470396785951,-0.01778187580847812,0.9743972131152989,0.9278350515463918,0.9360824742268041,0.008247422680412342,0.0
db3v_strict_20shot_logmel_bn_head_replay_seed_2026,db3v_strict_fewshot,LogMel,20,bn_head_replay,2026,softmax,True,0,49984,0.3137255012989044,127,0.00390625,-128,0.6125924750101592,0.5937424148517889,-0.01885006015837032,0.9692290373660601,0.0,common_20shot_heldout_197_recordings,0.22294004927456884,0.2638379414180126,0.04089789214344375,0.550615932110594,0.6552970161511087,0.10468108404051468,0.11969087308454329,0.15082660352672675,0.031135730442183457,0.0,common_source_grouped_20shot_heldout,original_source_recording,0.7536082474226804,0.7453608247422681,-0.008247422680412342,0.7481074429851009,0.7324571565896808,-0.0156502863954201,0.6894884145229947,0.6716639831518972,-0.01782443137109746,0.974148323603916,0.9257731958762887,0.9309278350515464,0.005154639175257714,0.0
db3v_strict_5shot_pcen_full_seed_42,db3v_strict_fewshot,PCEN,5,full,42,softmax,True,0,49984,0.012728010304272175,-128,0.00390625,-128,0.6218588403150355,0.3657748281685055,-0.25608401214653,0.5881959127302957,2.139238773274918e-07,common_20shot_heldout_197_recordings,0.15521489186969614,0.2896797153024911,0.13446482343279495,0.42408978921434437,0.6346016972351491,0.21051190802080477,0.13052793475375327,0.1348081914933449,0.00428025673959162,3.421845058855735e-08,common_source_grouped_20shot_heldout,original_source_recording,0.7876288659793814,0.6752577319587629,-0.11237113402061849,0.7747540531896497,0.5156231511389648,-0.2591309020506849,0.7168354427017947,0.5393388943002234,-0.17749654840157125,0.7523887103955458,0.9474226804123711,0.8762886597938144,-0.07113402061855667,1.274885770234987e-08
db3v_strict_5shot_pcen_full_seed_123,db3v_strict_fewshot,PCEN,5,full,123,softmax,True,0,49984,0.012728010304272175,-128,0.00390625,-128,0.6217402898339346,0.3751900134510267,-0.24655027638290788,0.6034513438902908,2.139238773274918e-07,common_20shot_heldout_197_recordings,0.1554338899534629,0.2823980290172461,0.12696413906378318,0.4256775253216534,0.6002737476047084,0.174596222283055,0.1277995376524803,0.13604943783876458,0.00824990018628427,3.421845058855735e-08,common_source_grouped_20shot_heldout,original_source_recording,0.7927835051546391,0.6690721649484536,-0.12371134020618557,0.7782417312222907,0.5325869222463958,-0.24565480897589487,0.7163169595337839,0.5584122675412015,-0.1579046919925824,0.7795603051261624,0.9474226804123711,0.8835051546391752,-0.06391752577319587,1.274885770234987e-08
db3v_strict_5shot_pcen_full_seed_2026,db3v_strict_fewshot,PCEN,5,full,2026,softmax,True,0,49984,0.012728010304272175,-128,0.00390625,-128,0.6360157747225977,0.37350195717345513,-0.2625138175491426,0.5872526626188798,2.139238773274918e-07,common_20shot_heldout_197_recordings,0.15860936216808103,0.3457432247467835,0.18713386257870246,0.4314809745414728,0.6473583356145634,0.21587736107309058,0.1335920309035992,0.1832687821740159,0.04967675127041671,3.421845058855735e-08,common_source_grouped_20shot_heldout,original_source_recording,0.7958762886597938,0.7154639175257732,-0.08041237113402055,0.7790912099746627,0.5447808369960836,-0.23431037297857915,0.7248281106644525,0.558377628046611,-0.16645048261784157,0.7703586820532445,0.9484536082474226,0.8670103092783505,-0.0814432989690721,1.274885770234987e-08
db3v_strict_10shot_pcen_full_seed_42,db3v_strict_fewshot,PCEN,10,full,42,softmax,True,0,49984,0.012605885043740273,-128,0.00390625,-128,0.6338306441530023,0.34891471951961495,-0.28491592463338733,0.5504857216013516,1.7113910186199344e-06,common_20shot_heldout_197_recordings,0.15335340815767862,0.2710101286613742,0.11765672050369558,0.378154941144265,0.5512729263618943,0.17311798521762928,0.13169381044414624,0.15102503483557803,0.019331224391431784,2.1386531617848345e-07,common_source_grouped_20shot_heldout,original_source_recording,0.7876288659793814,0.6082474226804123,-0.1793814432989691,0.7772623605835277,0.48896431591839035,-0.28829804466513737,0.7136176383418766,0.531267365896817,-0.18235027244505964,0.7444706203328173,0.9443298969072165,0.8948453608247423,-0.04948453608247416,9.6891318537859e-07
db3v_strict_10shot_pcen_full_seed_123,db3v_strict_fewshot,PCEN,10,full,123,softmax,True,0,49984,0.012605885043740273,-128,0.00390625,-128,0.6301936090457188,0.32065921585967294,-0.3095343931860458,0.5088265118163234,1.7113910186199344e-06,common_20shot_heldout_197_recordings,0.1707637558171366,0.22102381604160964,0.05026006022447305,0.38653161784834383,0.5178757185874624,0.13134410073911856,0.14217107387985067,0.07889982888007148,-0.0632712449997792,2.1386531617848345e-07,common_source_grouped_20shot_heldout,original_source_recording,0.8020618556701031,0.522680412371134,-0.2793814432989691,0.7888084030799731,0.3923510977954119,-0.39645730528456125,0.7291611658442603,0.42598536604912385,-0.3031757997951364,0.5842129093036601,0.9463917525773196,0.8989690721649485,-0.04742268041237108,9.6891318537859e-07
db3v_strict_10shot_pcen_full_seed_2026,db3v_strict_fewshot,PCEN,10,full,2026,softmax,True,0,49984,0.012605885043740273,-128,0.00390625,-128,0.6208528685686578,0.3006794077034238,-0.32017346086523407,0.4843005854134549,1.7113910186199344e-06,common_20shot_heldout_197_recordings,0.14377224199288255,0.23826991513824253,0.09449767314535998,0.37952367916780727,0.561456337257049,0.18193265808924175,0.1269438953893577,0.0951654879833683,-0.03177840740598942,2.1386531617848345e-07,common_source_grouped_20shot_heldout,original_source_recording,0.7855670103092783,0.534020618556701,-0.2515463917525773,0.7778449744417266,0.3956153309495051,-0.38222964349222155,0.7105855157298975,0.42547555055871733,-0.28510996517118015,0.5987675531518235,0.945360824742268,0.8865979381443299,-0.05876288659793816,9.6891318537859e-07
db3v_strict_20shot_pcen_full_seed_42,db3v_strict_fewshot,PCEN,20,full,42,softmax,True,0,49984,0.012540994212031364,-128,0.00390625,-128,0.6094530521652802,0.2249975237147031,-0.3844555284505771,0.3691794190140261,8.770878970427163e-06,common_20shot_heldout_197_recordings,0.1433889953462907,0.22578702436353681,0.0823980290172461,0.3869696140158774,0.48491650698056393,0.09794689296468656,0.12558324776617114,0.0880458892832915,-0.03753735848287963,6.33041335888311e-07,common_source_grouped_20shot_heldout,original_source_recording,0.7876288659793814,0.4072164948453608,-0.3804123711340206,0.768996244660133,0.2779205383462522,-0.49107570631388087,0.7120137376474678,0.27005258365965473,-0.44196115398781305,0.37928001860178034,0.9474226804123711,0.8742268041237113,-0.07319587628865976,4.8828125e-06
db3v_strict_20shot_pcen_full_seed_123,db3v_strict_fewshot,PCEN,20,full,123,softmax,True,0,49984,0.012540994212031364,-128,0.00390625,-128,0.6175242208814171,0.3138808649795318,-0.3036433559018853,0.5082891558998561,8.770878970427163e-06,common_20shot_heldout_197_recordings,0.12083219271831372,0.24560635094442923,0.12477415822611551,0.359321105940323,0.5960580344921982,0.23673692855187517,0.10922978690851445,0.10711743077380498,-0.0021123561347094755,6.33041335888311e-07,common_source_grouped_20shot_heldout,original_source_recording,0.7855670103092783,0.5319587628865979,-0.2536082474226804,0.7714101160161777,0.41221659065206695,-0.35919352536411076,0.7111167008472141,0.4450392496680907,-0.2660774511791234,0.6258315254554947,0.9422680412371134,0.8865979381443299,-0.05567010309278353,4.8828125e-06
db3v_strict_20shot_pcen_full_seed_2026,db3v_strict_fewshot,PCEN,20,full,2026,softmax,True,0,49984,0.012540994212031364,-128,0.00390625,-128,0.6223059083134292,0.3034378202740298,-0.3188680880393994,0.48760234511738076,8.770878970427163e-06,common_20shot_heldout_197_recordings,0.12061319463454695,0.24221188064604435,0.1215986860114974,0.37618395839036406,0.49520941691760195,0.11902545852723789,0.11005496083331304,0.10232725072642802,-0.0077277101068850135,6.33041335888311e-07,common_source_grouped_20shot_heldout,original_source_recording,0.7876288659793814,0.5195876288659794,-0.268041237113402,0.7768004515144314,0.3923686586306473,-0.38443179288378415,0.7149306457686614,0.41688669792874133,-0.29804394783992005,0.5831148802979671,0.9463917525773196,0.8649484536082475,-0.0814432989690721,4.8828125e-06
