feature,policy,learning_rate,selected_epoch,validation_clips,validation_supported_classes,validation_top1_any_target,validation_top3_any_target,validation_threshold_supported_macro_f1,selection_xeno_macro_f1,selection_xeno_retention,adaptation_score,final_xeno_macro_f1,final_xeno_retention,selected
MFCC,head,0.0003,2,130,6,0.13076923076923078,0.23076923076923078,0.05128205128205129,0.4366952314263446,0.8801386234874218,0.11509505076373978,0.4498368203267294,0.9066248755297072,False
MFCC,last_block,0.0001,4,130,6,0.18461538461538463,0.27692307692307694,0.04,0.41965652536067927,0.8457979157731201,0.15614730752734526,0.43014964625240903,0.8669463055724986,False
MFCC,all,3e-05,13,130,6,0.23076923076923078,0.3384615384615385,0.0,0.4161178561488238,0.8386658950296668,0.19353828346838467,0.42434233267653654,0.8552419392112407,True
LogMel,head,0.0003,1,130,6,0.16153846153846155,0.6307692307692307,0.07017543859649122,0.5378413141513066,0.8462117754758808,0.13669574834610382,0.5580434943999565,0.8779968436119527,True
LogMel,last_block,0.0001,1,130,6,0.09230769230769231,0.4307692307692308,0.1819503067543381,0.5247331828261976,0.8255881179212456,0.07620813396196115,0.5443018360371926,0.8563764273010814,False
LogMel,all,3e-05,2,130,6,0.1076923076923077,0.35384615384615387,0.14981357496885447,0.5277477908146437,0.8303311466011679,0.08942027732627962,0.5248598053805762,0.8257873393156174,False
PCEN,head,0.0003,3,130,6,0.19230769230769232,0.45384615384615384,0.0,0.5146004490469894,0.9766849943097062,0.1878240373672512,0.5943884737720941,1.1281185319580689,True
PCEN,last_block,0.0001,1,130,6,0.15384615384615385,0.4,0.15600534217555495,0.4337008028620691,0.8231416567162303,0.12663717795634313,0.44516400485753127,0.8448982202723703,False
PCEN,all,3e-05,1,130,6,0.2,0.3076923076923077,0.19304659498207885,0.45416430358334514,0.8619803210091392,0.17239606420182785,0.4685333226489656,0.8892519748336388,False
