chain_id,family,feature,requested_shots,policy,seed,output_activation,strict_int8,floating_point_tensor_count,tflite_bytes,input_scale,input_zero_point,output_scale,output_zero_point,xeno_fp32_macro_f1,xeno_int8_macro_f1,xeno_macro_f1_delta,xeno_macro_f1_retention,xeno_input_saturation,birdset_scope,birdset_fp32_top1,birdset_int8_top1,birdset_top1_delta,birdset_fp32_top3,birdset_int8_top3,birdset_top3_delta,birdset_fp32_singleton_macro_f1,birdset_int8_singleton_macro_f1,birdset_singleton_macro_f1_delta,birdset_input_saturation,db3v_scope,db3v_fp32_accuracy,db3v_int8_accuracy,db3v_accuracy_delta,db3v_fp32_balanced_accuracy,db3v_int8_balanced_accuracy,db3v_balanced_accuracy_delta,db3v_fp32_macro_f1,db3v_int8_macro_f1,db3v_macro_f1_delta,db3v_macro_f1_retention,db3v_fp32_top3,db3v_int8_top3,db3v_top3_delta,db3v_input_saturation
zero_shot_mfcc,zero_shot,MFCC,0,baseline,,softmax,True,0,49984,4.34705114364624,73,0.00390625,-128,0.49616642171207415,0.48765025008868446,-0.00851617162338969,0.9828360581233938,7.174677731906648e-05,common_20shot_heldout_197_recordings,0.16988776348206952,0.15362715576238709,-0.016260607719682435,0.4371749247194087,0.41144264987681356,-0.02573227484259516,0.09741364577927203,0.09404661331008535,-0.0033670324691866815,1.1318410579292048e-06,full_10658_recordings,0.5697128917245262,0.5745918558829048,0.004878964158378629,0.5213973864659222,0.5312017529276325,0.009804366461710345,0.5047315269694688,0.5125471764559544,0.00781564948648561,1.0154847657989836,0.8479076749859261,0.8399324451116532,-0.007975229874272904,0.0024189857835212264
zero_shot_logmel,zero_shot,LogMel,0,baseline,,softmax,True,0,49984,0.3137255012989044,127,0.00390625,-128,0.6355871304778794,0.5900716647446047,-0.045515465733274696,0.9283883144407707,0.0,common_20shot_heldout_197_recordings,0.17782644401861483,0.1841773884478511,0.006350944429236255,0.4089789214344374,0.437831918970709,0.028852997536271574,0.0987849839485783,0.1022293631904099,0.003444379241831594,0.0,full_10658_recordings,0.7070744980296491,0.6928129104897729,-0.014261587539876164,0.7046167304757616,0.6784100302101291,-0.026206700265632432,0.6762348807530022,0.6593744336310485,-0.01686044712195367,0.9750671732532058,0.911334209044849,0.9041095890410958,-0.007224620003753124,0.0
zero_shot_pcen,zero_shot,PCEN,0,baseline,,softmax,True,0,49984,0.012634358368813992,-128,0.00390625,-128,0.5268847704685938,0.35072750799223823,-0.1761572624763556,0.6656626413405589,6.417716319824754e-07,common_20shot_heldout_197_recordings,0.1952367916780728,0.2139611278401314,0.018724336162058597,0.26126471393375306,0.5204489460717219,0.2591842321379688,0.08044436955943923,0.09202437653735097,0.011580006977911741,1.6253764029564741e-07,full_10658_recordings,0.6356727340964534,0.5917620566710452,-0.04391067742540822,0.6313725530748381,0.5157687988360373,-0.11560375423880076,0.5993212708164783,0.5023771029056092,-0.09694416791086913,0.838243405279445,0.8597297804466129,0.8353349596547195,-0.024394820791893368,4.031595984237193e-07
db3v_5shot_mfcc_head,db3v_fewshot,MFCC,5,head,,softmax,True,0,49984,5.135698318481445,92,0.00390625,-128,0.4609508952973039,0.46048702017616183,-0.0004638751211420433,0.9989936561011713,0.00019351883056702333,common_20shot_heldout_197_recordings,0.1009581166164796,0.11946345469477142,0.018505338078291814,0.457541746509718,0.4737476047084588,0.016205858198740763,0.06736683860223021,0.0769126993322331,0.009545860730002895,0.00013384678557139547,common_20shot_heldout_10197_recordings,0.6096891242522311,0.612336961851525,0.0026478375992938785,0.5757103008353198,0.5728416154573845,-0.002868685377935276,0.5558452294084467,0.5554772406570477,-0.00036798875139898435,0.9993379654408645,0.8649602824360106,0.8633911934882809,-0.0015690889477297798,0.00016062770158643946
db3v_10shot_mfcc_head,db3v_fewshot,MFCC,10,head,,softmax,True,0,49984,5.135698318481445,92,0.00390625,-128,0.4787321147994705,0.4747153516475573,-0.004016763151913183,0.9916095807493598,0.00019351883056702333,common_20shot_heldout_197_recordings,0.11300301122365179,0.11070353134410074,-0.00229947987955105,0.44171913495756915,0.4368464275937586,-0.004872707363810569,0.07270222029019978,0.07143354578255089,-0.0012686745076488926,0.00013384678557139547,common_20shot_heldout_10197_recordings,0.6282239874472885,0.6238109247817986,-0.0044130626654899086,0.5987399841365756,0.5942549256224472,-0.004485058514128393,0.5693578837514617,0.5645543004659473,-0.0048035832855143346,0.9915631566320574,0.8700598215161321,0.8661370991468079,-0.0039227223693242275,0.00016062770158643946
db3v_20shot_mfcc_head,db3v_fewshot,MFCC,20,head,,softmax,True,0,49984,5.135698318481445,92,0.00390625,-128,0.4047217729672353,0.40474229922098004,2.052625374471262e-05,1.0000507169495583,0.00019351883056702333,common_20shot_heldout_197_recordings,0.2278127566383794,0.22425403777716946,-0.003558718861209953,0.5818779085683,0.5830276485080755,0.0011497399397755181,0.14477512744047605,0.1461477745375249,0.0013726470970488458,0.00013384678557139547,common_20shot_heldout_10197_recordings,0.6715700696283221,0.6658821221928019,-0.0056879474355202575,0.6415699263731778,0.6372876604960265,-0.004282265877151303,0.6138332761569835,0.6080670848230856,-0.005766191333897885,0.9906062581520536,0.8852603706972639,0.8866333235265275,0.0013729528292635296,0.00016062770158643946
db3v_5shot_logmel_head,db3v_fewshot,LogMel,5,head,,softmax,True,0,49984,0.3137255012989044,127,0.00390625,-128,0.600502317430861,0.5344915519748435,-0.06601076545601747,0.8900740870769118,0.0,common_20shot_heldout_197_recordings,0.18094716671229127,0.29991787571858747,0.1189707090062962,0.4823432794963044,0.641554886394744,0.1592116068984396,0.09016278860076717,0.15011344015604933,0.05995065155528216,0.0,common_20shot_heldout_10197_recordings,0.7218789840149064,0.6955967441404335,-0.026282239874472868,0.7104066903802071,0.6493129530973472,-0.06109373728285994,0.6764401483102693,0.6468412776934449,-0.029598870616824424,0.9562431788078196,0.919976463665784,0.9080121604393449,-0.011964303226439155,0.0
db3v_10shot_logmel_last_block,db3v_fewshot,LogMel,10,last_block,,softmax,True,0,49984,0.3137255012989044,127,0.00390625,-128,0.6212657593798347,0.5854456724659112,-0.03582008691392358,0.9423433749999675,0.0,common_20shot_heldout_197_recordings,0.1820421571311251,0.2205310703531344,0.03848891322200931,0.4306049822064057,0.5133862578702436,0.08278127566383792,0.09692143551348757,0.11837401823260095,0.021452582719113378,0.0,common_20shot_heldout_10197_recordings,0.7305089732274198,0.7333529469451799,0.0028439737177601287,0.7237897140211815,0.7126060386343342,-0.01118367538684728,0.6858805983312324,0.6970311485452833,0.01115055021405087,1.0162572760348967,0.9196822594880847,0.9164460135333922,-0.003236245954692518,0.0
db3v_20shot_logmel_all,db3v_fewshot,LogMel,20,all,,softmax,True,0,49984,0.3137255012989044,127,0.00390625,-128,0.63449351831641,0.5801302943909538,-0.05436322392545623,0.9143202848317414,0.0,common_20shot_heldout_197_recordings,0.19041883383520394,0.19885026006022447,0.008431426225020522,0.4306049822064057,0.4451683547768957,0.014563372570490007,0.10268257578938676,0.11030311241353076,0.007620536624143998,0.0,common_20shot_heldout_10197_recordings,0.7293321565166225,0.7152103559870551,-0.014121800529567463,0.7261945416629634,0.6943895929888967,-0.03180494867406669,0.6886279476558754,0.679063763820116,-0.00956418383575941,0.9861112464745058,0.9167402177110915,0.9123271550456017,-0.0044130626654897975,0.0
db3v_5shot_pcen_all,db3v_fewshot,PCEN,5,all,,softmax,True,0,49984,0.012543842196464539,-128,0.00390625,-128,0.5991656229534208,0.3326023295423776,-0.2665632934110432,0.55510916648206,8.34303121577218e-06,common_20shot_heldout_197_recordings,0.09389542841500137,0.2478510813030386,0.15395565288803723,0.2878729811114153,0.5409252669039146,0.25305228579249933,0.0908841006208505,0.13963700311730337,0.048752902496452866,6.159321105940323e-07,common_20shot_heldout_10197_recordings,0.7108953613807982,0.603314700402079,-0.10758066097871921,0.693893943483842,0.4845665265240507,-0.20932741695979135,0.6581626517878151,0.47125695609679186,-0.18690569569102322,0.716018988340773,0.9082082965578111,0.8265176032166324,-0.08169069334117873,4.9225568794743555e-06
db3v_10shot_pcen_head,db3v_fewshot,PCEN,10,head,,softmax,True,0,49984,0.012540994212031364,-128,0.00390625,-128,0.607442243536447,0.3854544755488152,-0.22198776798763187,0.6345532923504811,8.770878970427163e-06,common_20shot_heldout_197_recordings,0.12400766493293183,0.11415275116342732,-0.009854913769504509,0.26137421297563646,0.43728442376129206,0.1759102107856556,0.09653200068412107,0.0912859482664622,-0.005246052417658867,6.33041335888311e-07,common_20shot_heldout_10197_recordings,0.7056977542414435,0.6210650191232715,-0.08463273511817204,0.6968186717749842,0.5224595579143978,-0.17435911386058645,0.659516798862239,0.5200275587904966,-0.13948924007174246,0.7884978209616778,0.8914386584289496,0.8554476806903991,-0.035990977738550534,5.133249975482985e-06
db3v_20shot_pcen_last_block,db3v_fewshot,PCEN,20,last_block,,softmax,True,0,49984,0.012540994212031364,-128,0.00390625,-128,0.6150522408165722,0.35072364834009023,-0.26432859247648194,0.570233916836809,8.770878970427163e-06,common_20shot_heldout_197_recordings,0.09099370380509171,0.3685190254585272,0.2775253216534355,0.33079660552970164,0.6262797700520121,0.29548316452231044,0.086299910537623,0.17493044673953762,0.08863053620191462,6.33041335888311e-07,common_20shot_heldout_10197_recordings,0.75796802981269,0.659703834461116,-0.09826419535157394,0.7365750002250143,0.5265053229872897,-0.21006967723772463,0.706034636263522,0.5446141913640079,-0.16142044489951413,0.7713703597407292,0.9241933902128077,0.8646660782583113,-0.05952731195449634,5.133249975482985e-06
birdset_5shot_mfcc_all,birdset_fewshot,MFCC,5,all,,sigmoid,True,0,49968,4.760210990905762,90,0.00390625,-128,0.42434233267653654,0.39619331391959967,-0.028149018756936872,0.9336643634412171,0.00026724028983065126,common_20shot_heldout_197_recordings,0.24226663016698605,0.24938406788940598,0.007117437722419934,0.5334245825349028,0.5512181768409526,0.017793594306049876,0.17759204369619258,0.1866063738865713,0.009014330190378728,0.0001712765061382636,full_10658_recordings,0.4781384875211109,0.481610058172265,0.00347157065115411,0.4338508655816339,0.43326969855553615,-0.0005811670260977286,0.41576731672170375,0.41808847958265827,0.0023211628609545176,1.0055828410930823,0.8048414336648527,0.8085944830174516,0.003753049352598903,0.0025099363334873045
birdset_5shot_logmel_head,birdset_fewshot,LogMel,5,head,,sigmoid,True,0,49968,0.3137255012989044,127,0.00390625,-128,0.5580434943999565,0.5368341822017835,-0.021209312198173014,0.9619934424269588,0.0,common_20shot_heldout_197_recordings,0.20700793868053655,0.2379961675335341,0.03098822885299754,0.5167807281686285,0.5775526964139064,0.06077196824527786,0.1500971985994774,0.16971572029525178,0.019618521695774382,0.0,full_10658_recordings,0.5969224995308688,0.6063989491461813,0.009476449615312466,0.5974143162688561,0.5873689024950317,-0.010045413773824396,0.5794067229361843,0.5808359101074416,0.0014291871712572846,1.0024666389164676,0.8834678176018015,0.881497466691687,-0.001970350910114438,0.0
birdset_5shot_pcen_head,birdset_fewshot,PCEN,5,head,,sigmoid,True,0,49968,0.012540994212031364,-128,0.00390625,-128,0.5943884737720941,0.34352103269461404,-0.2508674410774801,0.5779402660932654,8.770878970427163e-06,common_20shot_heldout_197_recordings,0.34842595127292636,0.3614015877361073,0.01297563646318095,0.6407336435806187,0.5994525047905831,-0.04128113879003559,0.24484455062887087,0.17052412728392857,-0.0743204233449423,6.33041335888311e-07,full_10658_recordings,0.7160818164758866,0.5769375117282792,-0.13914430474760742,0.6709637642112114,0.46384260380544146,-0.20712116040576994,0.6666187173671747,0.4597261155037001,-0.20689260186347463,0.6896387747997813,0.9102082942390692,0.8234190279602177,-0.08678926627885153,5.351027397260274e-06
