path,bytes,sha256
models/zero_shot_logmel/DS_CNN_Model.int8.tflite,49984,B1E0A736841D9DFF7D35B35ECA451BED01EAABF9CFB818D7D7CB4B89DAFD13E7
models/zero_shot_logmel/DS_CNN_Model.int8_metadata.json,1209,E4442BB65479F77A36E1741D3758133E3BA66F001E365F17FA2C94ABACE83F67
models/zero_shot_logmel/evaluation.json,53458,8F136753B28BC3D62745E97079FEAB0224B120737F7A36E7618EDA99DC43879E
models/zero_shot_mfcc/DS_CNN_Model.int8.tflite,49984,D1EBAA0B2D443F63380E12A56449E601092C8D3EE97D8AB2677D2E32C1515FCA
models/zero_shot_mfcc/DS_CNN_Model.int8_metadata.json,1200,2BD782357C59E52FABFE15C77F0D879517A4CFB63C9882C1C7DA93C03D418740
models/zero_shot_mfcc/evaluation.json,53624,5808160D75E6055CA715498D51EAE585DBA316435FD2F922A4E5F53030407213
models/zero_shot_pcen/DS_CNN_Model.int8.tflite,49984,6A413E5182948F1BA99498616A71B609B896302734CA8E7C77341EBA4F545C5C
models/zero_shot_pcen/DS_CNN_Model.int8_metadata.json,1205,8591F0B5AE6420E909BF9690631D369B2B52BE5460CB32F0282EDB6C6A42A4E3
models/zero_shot_pcen/evaluation.json,53336,92E25C040457340F85D219047C59C766083F5519323C931A8EA2B5E0E7B12DAE
