feature,requested_shots,actual_support_recordings,selected_policy,selected_epoch,selection_score,xeno_macro_f1,xeno_macro_f1_retention,common_db3v_heldout_recordings,db3v_accuracy,db3v_balanced_accuracy,db3v_macro_f1,db3v_top3,birdset_full_top1,birdset_full_top3,birdset_full_singleton_macro_f1
MFCC,0,0,baseline,0,,0.49616642171207415,1,10197,0.5704619005589879,0.5191164726048465,0.5016648369466308,0.8469157595371187,0.1732391503201545,0.4433377375749568,0.0977073052459708
MFCC,5,120,head,9,0.6327991625756603,0.4609508952973039,0.9290247689610768,10197,0.6096891242522311,0.5757103008353198,0.5558452294084467,0.8649602824360106,0.1072263441406647,0.46579936985466003,0.0700390640155132
MFCC,10,239,head,5,0.6956223150321037,0.4787321147994705,0.9648619774541679,10197,0.6282239874472885,0.5987399841365756,0.5693578837514617,0.8700598215161321,0.11927025104177254,0.44816546396991563,0.07477471699299262
MFCC,20,461,head,18,0.632189271358866,0.4047217729672353,0.8156976273620059,10197,0.6715700696283221,0.6415699263731778,0.6138332761569835,0.8852603706972639,0.24174204695599147,0.5892875292204492,0.1491551128516475
LogMel,0,0,baseline,0,,0.6355871304778794,1,10197,0.7070707070707071,0.704881025074289,0.673352389787305,0.909875453564774,0.1826913304197581,0.41564183351966666,0.101221291562983
LogMel,5,120,head,11,0.6218708178216971,0.600502317430861,0.9447993652410187,10197,0.7218789840149064,0.7104066903802071,0.6764401483102693,0.919976463665784,0.1880780567130806,0.4865840024392723,0.09190881014210404
LogMel,10,239,last_block,2,0.8167631958163071,0.6212657593798347,0.9774674935798703,10197,0.7305089732274198,0.7237897140211815,0.6858805983312324,0.9196822594880847,0.18858623843886574,0.43480028458176645,0.09899821134030058
LogMel,20,461,all,1,0.7621810586008545,0.63449351831641,0.9982793670465807,10197,0.7293321565166225,0.7261945416629634,0.6886279476558754,0.9167402177110915,0.19473523732086595,0.43480028458176645,0.10463639644496263
PCEN,0,0,baseline,0,,0.5268847704685938,1,10197,0.6345984112974404,0.6304303519984731,0.5951611582702421,0.8578993821712269,0.1957007825998577,0.2621709523325541,0.08082961853887728
PCEN,5,120,all,4,0.8342261904761905,0.5991656229534208,1.13718531363232,10197,0.7108953613807982,0.693893943483842,0.6581626517878151,0.9082082965578111,0.09807907307653217,0.29083240166683605,0.09418664468652274
PCEN,10,239,head,1,0.7485722610722612,0.607442243536447,1.1528939107429659,10197,0.7056977542414435,0.6968186717749842,0.659516798862239,0.8914386584289496,0.1270454314462852,0.26267913405833926,0.0985549523009405
PCEN,20,461,last_block,10,0.7774788841842815,0.6150522408165722,1.1673372913579665,10197,0.75796802981269,0.7365750002250143,0.706034636263522,0.9241933902128077,0.09701189145238337,0.333926212013416,0.09156073812421849
