requested_shots,actual_support_recordings,feature,policy,learning_rate,selected_epoch,support_validation_recording_macro_f1,xeno_validation_recording_macro_f1,xeno_macro_f1_retention,adaptation_score,selected
5,120,MFCC,head,0.0003,9,0.6583333333333334,0.47692207011275295,0.9612139178364458,0.6327991625756603,true
5,120,MFCC,last_block,0.0001,10,0.6973214285714285,0.446857109332897,0.9006194086874517,0.628021212665089,false
5,120,MFCC,all,0.00003,2,0.45357142857142857,0.5043103112054811,1.016413624818273,0.45357142857142857,false
5,120,LogMel,head,0.0003,11,0.6392857142857142,0.6182729877967759,0.9727588211736045,0.6218708178216971,true
5,120,LogMel,last_block,0.0001,1,0.5817460317460318,0.6324286898736979,0.9950306725030654,0.5788551451942436,false
5,120,LogMel,all,0.00003,4,0.5767857142857142,0.6242752114701867,0.9822024102357334,0.5665203187609676,false
5,120,PCEN,head,0.0003,5,0.7973214285714286,0.609170209408267,1.1561735004534128,0.7973214285714286,false
5,120,PCEN,last_block,0.0001,5,0.7973214285714286,0.606717178012758,1.1515177739397628,0.7973214285714286,false
5,120,PCEN,all,0.00003,4,0.8342261904761905,0.6035727806054373,1.1455498705507083,0.8342261904761905,true
10,239,MFCC,head,0.0003,5,0.7200872044622044,0.47930921806938426,0.9660251018508622,0.6956223150321037,true
10,239,MFCC,last_block,0.0001,4,0.6792998667998669,0.46885704525704097,0.9449592409724155,0.6419106865238651,false
10,239,MFCC,all,0.00003,4,0.6620129870129869,0.48370638551128,0.9748873852490874,0.6453881099100288,false
10,239,LogMel,head,0.0003,1,0.8362012987012988,0.6195852658617758,0.9748234917782675,0.8151486698295222,false
10,239,LogMel,last_block,0.0001,2,0.8341616716616717,0.6223304109318762,0.979142561404546,0.8167631958163071,true
10,239,LogMel,all,0.00003,2,0.7911255411255411,0.6293013111029837,0.9901102160923718,0.7833014804800041,false
10,239,PCEN,head,0.0003,1,0.7485722610722612,0.5887430458831389,1.1174038022764072,0.7485722610722612,true
10,239,PCEN,last_block,0.0001,2,0.7213286713286713,0.6166731684998477,1.170413728131483,0.7213286713286713,false
10,239,PCEN,all,0.00003,2,0.7213286713286713,0.6076169561447957,1.1532255062229286,0.7213286713286713,false
20,461,MFCC,head,0.0003,18,0.7300897467932701,0.4296336032557791,0.8659062452740824,0.632189271358866,true
20,461,MFCC,last_block,0.0001,11,0.720758195560089,0.4236175261227988,0.853781125818757,0.6153697436483886,false
20,461,MFCC,all,0.00003,3,0.6117637270412101,0.47840502006503416,0.9642027334583577,0.5898642578438074,false
20,461,LogMel,head,0.0003,10,0.7819792385553255,0.5879138564472257,0.924993330190922,0.723325580011452,false
20,461,LogMel,last_block,0.0001,2,0.7671118428791063,0.603292794135603,0.9491897573225008,0.7281347039816353,false
20,461,LogMel,all,0.00003,1,0.7724425111925112,0.6271437225701543,0.9867155776087273,0.7621810586008545,true
20,461,PCEN,head,0.0003,6,0.766947748653146,0.5919099149334393,1.123414355679733,0.766947748653146,false
20,461,PCEN,last_block,0.0001,10,0.7774788841842815,0.6103780208374808,1.1584658639774896,0.7774788841842815,true
20,461,PCEN,all,0.00003,15,0.7754261726460002,0.6051352549757492,1.1485153659642922,0.7754261726460002,false
