feature,policy,learning_rate,selected_epoch,support_validation_recording_macro_f1,xeno_validation_recording_macro_f1,xeno_macro_f1_retention,adaptation_score,selected
MFCC,head,0.0003,9,0.6583333333333334,0.47692207011275295,0.9612139178364458,0.6327991625756603,true
MFCC,last_block,0.0001,10,0.6973214285714285,0.446857109332897,0.9006194086874517,0.628021212665089,false
MFCC,all,0.00003,2,0.45357142857142857,0.5043103112054811,1.016413624818273,0.45357142857142857,false
LogMel,head,0.0003,11,0.6392857142857142,0.6182729877967759,0.9727588211736045,0.6218708178216971,true
LogMel,last_block,0.0001,1,0.5817460317460318,0.6324286898736979,0.9950306725030654,0.5788551451942436,false
LogMel,all,0.00003,4,0.5767857142857142,0.6242752114701867,0.9822024102357334,0.5665203187609676,false
PCEN,head,0.0003,5,0.7973214285714286,0.609170209408267,1.1561735004534128,0.7973214285714286,false
PCEN,last_block,0.0001,5,0.7973214285714286,0.606717178012758,1.1515177739397628,0.7973214285714286,false
PCEN,all,0.00003,4,0.8342261904761905,0.6035727806054373,1.1455498705507083,0.8342261904761905,true
